date,player_id,player_name,team,prop_type,lineup_status,lineup_position,verdict,logged_at,actual_result,actual_stat_value,model_probability,sportsbook_odds,sportsbook_line,implied_probability,edge,best_book,xba,xwoba,hard_hit_pct,sweet_spot_pct,whiff_pct,ev50,exit_velocity,barrel_pct,hr_fb_ratio,launch_angle_pct,pitcher_xera,pitcher_hr9,park_factor,platoon_adv,weather_adjustment
2026-05-01,500743,Miguel Rojas,LAD,hit,probable_recent,6,LEAN,2026-05-02T03:04:41.846523+00:00,0,0.0,0.6052,,,,,,0.21,0.384,0.0,0.0,0.0,0.0,,0.0,0.0,,5.82,2.0,0.5714285714285714,0.38,0.0
2026-05-01,502671,Paul Goldschmidt,NYY,hit,official,1,LEAN,2026-05-02T03:04:41.838323+00:00,0,0.0,0.6469,,,,,,0.277,0.405,0.5,0.45,0.145,102.600371,,0.152,0.0,,3.64,1.65,0.5714285714285714,0.38,0.0
2026-05-01,514888,Jose Altuve,HOU,hit,official,5,NO,2026-05-02T03:04:41.848541+00:00,1,1.0,0.5753,,,,,,0.252,0.324,0.364,0.318,0.244,97.423780682,,0.047,0.0,,0.0,1.8,0.5714285714285714,0.38,0.0
2026-05-01,518692,Freddie Freeman,LAD,hit,probable_recent,2,YES,2026-05-02T03:04:41.834063+00:00,1,2.0,0.6627,+2,0.5,0.9804,-0.3177,DraftKings,0.297,0.391,0.48,0.363,0.191,101.60639,,0.109,0.0,,5.82,2.0,0.5714285714285714,0.62,0.0
2026-05-01,542303,Marcell Ozuna,PIT,hit,official,6,NO,2026-05-02T03:04:41.848541+00:00,1,1.0,0.595,+1,0.5,0.9901,-0.3951,DraftKings,0.219,0.292,0.371,0.357,0.274,99.421738,,0.056,0.0,,5.35,1.95,0.5714285714285714,0.38,0.0
2026-05-01,543807,George Springer,TOR,hit,probable_recent,1,NO,2026-05-02T03:04:41.848541+00:00,1,1.0,0.5945,+1,0.5,0.9901,-0.3956,DraftKings,0.213,0.303,0.422,0.267,0.234,99.256705217,,0.059,0.0,,4.82,2.08,0.5714285714285714,0.38,0.0
2026-05-01,545121,Ildemaro Vargas,AZ,hit,official,2,LEAN,2026-05-02T03:04:41.840343+00:00,1,4.0,0.631,+1,0.5,0.9901,-0.3591,DraftKings,0.351,0.384,0.35,0.4,0.169,98.518323077,,0.053,0.0,,4.27,0.83,0.5714285714285714,0.55,0.0
2026-05-01,547180,Bryce Harper,PHI,hit,official,2,LEAN,2026-05-02T03:04:41.838323+00:00,1,1.0,0.6418,,,,,,0.266,0.389,0.376,0.355,0.283,100.228767447,,0.091,0.0,,5.15,1.49,0.5714285714285714,0.62,0.0
2026-05-01,571448,Nolan Arenado,AZ,hit,official,7,NO,2026-05-02T03:04:41.848541+00:00,1,1.0,0.5877,+1,0.5,0.9901,-0.4024,DraftKings,0.261,0.307,0.253,0.342,0.259,94.935173,,0.057,0.0,,4.27,0.83,0.5714285714285714,0.38,0.0
2026-05-01,572233,Christian Walker,HOU,hit,official,4,NO,2026-05-02T03:04:41.848541+00:00,1,1.0,0.5895,,,,,,0.267,0.362,0.489,0.309,0.266,102.426722979,,0.092,0.0,,0.0,1.8,0.5714285714285714,0.38,0.0
2026-05-01,573262,Mike Yastrzemski,ATL,hit,probable_recent,8,LEAN,2026-05-02T03:04:41.843118+00:00,0,0.0,0.623,,,,,,0.22,0.264,0.394,0.288,0.254,98.785009394,,0.02,0.0,,5.35,1.85,0.5714285714285714,0.62,0.0
2026-05-01,575929,Willson Contreras,BOS,hit,official,2,LEAN,2026-05-02T03:04:41.846523+00:00,1,1.0,0.6088,,,,,,0.269,0.408,0.486,0.347,0.361,104.416624571,,0.102,0.0,,3.85,1.91,0.5714285714285714,0.38,0.0
2026-05-01,592450,Aaron Judge,NYY,hit,official,3,LEAN,2026-05-02T03:04:41.838323+00:00,1,2.0,0.6426,+1,0.5,0.9901,-0.3475,DraftKings,0.283,0.455,0.541,0.378,0.339,105.449668649,,0.148,0.0,,3.64,1.65,0.5714285714285714,0.38,0.0
2026-05-01,592626,Joc Pederson,TEX,hit,official,5,LEAN,2026-05-02T03:04:41.844500+00:00,0,0.0,0.6102,+1,0.5,0.9901,-0.3799,DraftKings,0.218,0.317,0.529,0.314,0.335,101.4338824,,0.024,0.0,,5.46,1.55,0.5714285714285714,0.62,0.0
2026-05-01,596115,Trevor Story,BOS,hit,official,5,NO,2026-05-02T03:04:41.848541+00:00,1,2.0,0.5862,,,,,,0.214,0.251,0.429,0.321,0.301,99.222320476,,0.023,0.0,,3.85,1.91,0.5714285714285714,0.38,0.0
2026-05-01,605137,Josh Bell,MIN,hit,probable_recent,4,LEAN,2026-05-02T03:04:41.844500+00:00,1,1.0,0.6151,+1,0.5,0.9901,-0.375,DraftKings,0.241,0.332,0.427,0.371,0.264,99.386003111,,0.071,0.0,,5.9,1.09,0.5714285714285714,0.55,0.0
2026-05-01,605170,Victor Caratini,MIN,hit,probable_recent,5,LEAN,2026-05-02T03:04:41.844500+00:00,0,0.0,0.6121,,,,,,0.255,0.34,0.318,0.394,0.184,97.512559697,,0.032,0.0,,5.9,1.09,0.5714285714285714,0.55,0.0
2026-05-01,607043,Brandon Nimmo,TEX,hit,official,1,LEAN,2026-05-02T03:04:41.840343+00:00,1,2.0,0.6309,+1,0.5,0.9901,-0.3592,DraftKings,0.293,0.37,0.469,0.337,0.246,100.88591449,,0.071,0.0,,5.46,1.55,0.5714285714285714,0.62,0.0
2026-05-01,608324,Alex Bregman,CHC,hit,official,3,LEAN,2026-05-02T03:04:41.846523+00:00,1,1.0,0.6073,+1,0.5,0.9901,-0.3828,DraftKings,0.254,0.334,0.452,0.269,0.168,99.622981731,,0.056,0.0,,4.95,0.56,0.5714285714285714,0.38,0.0
2026-05-01,608348,Carson Kelly,CHC,hit,official,7,LEAN,2026-05-02T03:04:41.844500+00:00,1,2.0,0.6126,,,,,,0.273,0.369,0.5,0.3,0.207,101.154097667,,0.08,0.0,,4.95,0.56,0.5714285714285714,0.38,0.0
2026-05-01,608369,Corey Seager,TEX,hit,official,3,LEAN,2026-05-02T03:04:41.844500+00:00,1,1.0,0.6126,+1,0.5,0.9901,-0.3775,DraftKings,0.238,0.335,0.43,0.367,0.357,101.53614525,,0.085,0.0,,5.46,1.55,0.5714285714285714,0.62,0.0
2026-05-01,621020,Dansby Swanson,CHC,hit,official,9,NO,2026-05-02T03:04:41.846523+00:00,1,1.0,0.5984,+1,0.5,0.9901,-0.3917,DraftKings,0.225,0.352,0.479,0.356,0.3,100.437966757,,0.074,0.0,,4.95,0.56,0.5714285714285714,0.38,0.0
2026-05-01,621043,Carlos Correa,HOU,hit,official,1,NO,2026-05-02T03:04:41.846523+00:00,1,3.0,0.596,,,,,,0.288,0.357,0.419,0.349,0.215,102.098233023,,0.066,0.0,,0.0,1.8,0.5714285714285714,0.38,0.0
2026-05-01,621439,Byron Buxton,MIN,hit,probable_recent,1,LEAN,2026-05-02T03:04:41.844500+00:00,1,2.0,0.6097,+1,0.5,0.9901,-0.3804,DraftKings,0.221,0.308,0.455,0.352,0.329,100.619467273,,0.104,0.0,,5.9,1.09,0.5714285714285714,0.38,0.0
2026-05-01,621493,Taylor Ward,BAL,hit,official,2,LEAN,2026-05-02T03:04:41.838323+00:00,0,0.0,0.637,+1,0.5,0.9901,-0.3531,DraftKings,0.295,0.387,0.379,0.389,0.168,99.44276125,,0.035,0.0,,3.51,0.96,0.5714285714285714,0.38,0.0
2026-05-01,621566,Matt Olson,ATL,hit,probable_recent,4,LEAN,2026-05-02T03:04:41.834063+00:00,1,1.0,0.6478,,,,,,0.257,0.389,0.495,0.355,0.259,104.67401766,,0.119,0.0,,5.35,1.85,0.5714285714285714,0.62,0.0
2026-05-01,623168,Tyler Heineman,TOR,hit,probable_recent,9,YES,2026-05-02T03:04:41.834063+00:00,1,1.0,0.661,+1,0.5,0.9901,-0.3291,DraftKings,0.429,0.51,0.625,0.688,0.0,87.3,,0.118,0.0,,4.82,2.08,0.5714285714285714,0.55,0.0
2026-05-01,624413,Pete Alonso,BAL,hit,official,4,LEAN,2026-05-02T03:04:41.843118+00:00,1,1.0,0.6213,+1,0.5,0.9901,-0.3688,DraftKings,0.22,0.326,0.554,0.289,0.281,102.523330714,,0.052,0.0,,3.51,0.96,0.5714285714285714,0.38,0.0
2026-05-01,624641,Edmundo Sosa,PHI,hit,official,5,LEAN,2026-05-02T03:04:41.838323+00:00,1,2.0,0.6432,,,,,,0.297,0.335,0.412,0.324,0.234,101.697419412,,0.045,0.0,,5.15,1.49,0.5714285714285714,0.38,0.0
2026-05-01,641343,Jake Bauers,MIL,hit,official,4,LEAN,2026-05-02T03:04:41.838323+00:00,0,0.0,0.646,+1,0.5,0.9901,-0.3441,DraftKings,0.266,0.335,0.551,0.295,0.254,103.690324615,,0.073,0.0,,4.6,1.04,0.5714285714285714,0.62,0.0
2026-05-01,641355,Cody Bellinger,NYY,hit,official,4,LEAN,2026-05-02T03:04:41.838323+00:00,1,2.0,0.6357,+1,0.5,0.9901,-0.3544,DraftKings,0.274,0.361,0.402,0.37,0.197,98.48647087,,0.047,0.0,,3.64,1.65,0.5714285714285714,0.62,0.0
2026-05-01,641584,Jake Fraley,TB,hit,official,7,LEAN,2026-05-02T03:04:41.844500+00:00,0,0.0,0.6156,,,,,,0.213,0.303,0.25,0.455,0.21,96.23033,,0.06,0.0,,4.51,1.59,0.5714285714285714,0.62,0.0
2026-05-01,642708,Amed Rosario,NYY,hit,official,5,LEAN,2026-05-02T03:04:41.843118+00:00,1,1.0,0.625,,,,,,0.274,0.381,0.396,0.313,0.256,102.02745875,,0.095,0.0,,3.64,1.65,0.5714285714285714,0.38,0.0
2026-05-01,642715,Willy Adames,SF,hit,official,6,LEAN,2026-05-02T03:04:41.844500+00:00,1,1.0,0.6132,,,,,,0.207,0.27,0.402,0.341,0.26,99.167949756,,0.062,0.0,,4.36,0.31,0.5714285714285714,0.38,0.0
2026-05-01,643289,Mauricio Dubón,ATL,hit,probable_recent,6,LEAN,2026-05-02T03:04:41.843118+00:00,1,2.0,0.6264,,,,,,0.252,0.303,0.315,0.337,0.174,97.220851556,,0.051,0.0,,5.35,1.85,0.5714285714285714,0.38,0.0
2026-05-01,643376,Danny Jansen,TEX,hit,official,9,NO,2026-05-02T03:04:41.848541+00:00,1,1.0,0.5713,+1,0.5,0.9901,-0.4188,DraftKings,0.175,0.24,0.318,0.273,0.277,97.453632727,,0.027,0.0,,5.46,1.55,0.5714285714285714,0.38,0.0
2026-05-01,645277,Ozzie Albies,ATL,hit,probable_recent,3,LEAN,2026-05-02T03:04:41.838323+00:00,1,1.0,0.637,,,,,,0.264,0.315,0.309,0.373,0.227,97.702488909,,0.037,0.0,,5.35,1.85,0.5714285714285714,0.55,0.0
2026-05-01,646240,Rafael Devers,SF,hit,official,5,LEAN,2026-05-02T03:04:41.844500+00:00,1,1.0,0.6206,,,,,,0.216,0.26,0.415,0.317,0.319,100.692263902,,0.047,0.0,,4.36,0.31,0.5714285714285714,0.62,0.0
2026-05-01,650333,Luis Arraez,SF,hit,official,3,LEAN,2026-05-02T03:04:41.840343+00:00,1,1.0,0.6331,,,,,,0.299,0.308,0.19,0.353,0.079,93.61979193,,0.0,0.0,,4.36,0.31,0.5714285714285714,0.62,0.0
2026-05-01,650402,Gleyber Torres,DET,hit,official,1,NO,2026-05-02T03:04:41.846523+00:00,0,0.0,0.5979,+1,0.5,0.9901,-0.3922,DraftKings,0.255,0.342,0.253,0.374,0.202,94.795662174,,0.036,0.0,,4.63,1.3,0.5714285714285714,0.38,0.0
2026-05-01,650489,Willi Castro,COL,hit,probable_recent,5,LEAN,2026-05-02T03:04:41.844500+00:00,0,0.0,0.6166,,,,,,0.207,0.283,0.438,0.313,0.328,100.007958333,,0.047,0.0,,4.15,1.45,0.5714285714285714,0.55,0.0
2026-05-01,650490,Yandy Díaz,TB,hit,official,4,LEAN,2026-05-02T03:04:41.838323+00:00,1,1.0,0.6463,,,,,,0.313,0.381,0.449,0.293,0.14,102.143756,,0.045,0.0,,4.51,1.59,0.5714285714285714,0.38,0.0
2026-05-01,650859,Luis Rengifo,MIL,hit,official,5,LEAN,2026-05-02T03:04:41.843118+00:00,1,1.0,0.6237,+1,0.5,0.9901,-0.3664,DraftKings,0.232,0.283,0.36,0.333,0.189,98.215426757,,0.053,0.0,,4.6,1.04,0.5714285714285714,0.55,0.0
2026-05-01,656305,Matt Chapman,SF,hit,official,2,LEAN,2026-05-02T03:04:41.844500+00:00,0,0.0,0.6132,,,,,,0.228,0.284,0.337,0.213,0.232,100.127323864,,0.03,0.0,,4.36,0.31,0.5714285714285714,0.38,0.0
2026-05-01,656811,Ryan O'Hearn,PIT,hit,official,4,LEAN,2026-05-02T03:04:41.840343+00:00,1,2.0,0.6304,+1,0.5,0.9901,-0.3597,DraftKings,0.299,0.389,0.471,0.356,0.208,100.666209545,,0.055,0.0,,5.35,1.95,0.5714285714285714,0.62,0.0
2026-05-01,656941,Kyle Schwarber,PHI,hit,official,1,LEAN,2026-05-02T03:04:41.838323+00:00,0,0.0,0.6417,,,,,,0.231,0.401,0.507,0.324,0.294,102.899743333,,0.108,0.0,,5.15,1.49,0.5714285714285714,0.62,0.0
2026-05-01,660271,Shohei Ohtani,LAD,hit,probable_recent,1,LEAN,2026-05-02T03:04:41.844500+00:00,0,0.0,0.6197,+2,0.5,0.9804,-0.3607,DraftKings,0.183,0.239,0.378,0.203,0.314,75.3,,0.017,0.0,,5.82,2.0,0.5714285714285714,0.62,0.0
2026-05-01,660670,Ronald Acuña Jr.,ATL,hit,probable_recent,1,LEAN,2026-05-02T03:04:41.838323+00:00,1,2.0,0.6379,,,,,,0.256,0.375,0.424,0.315,0.288,101.548981739,,0.083,0.0,,5.35,1.85,0.5714285714285714,0.38,0.0
2026-05-01,661388,William Contreras,MIL,hit,official,3,LEAN,2026-05-02T03:04:41.838323+00:00,1,4.0,0.6356,+1,0.5,0.9901,-0.3545,DraftKings,0.275,0.348,0.433,0.268,0.162,100.603782653,,0.065,0.0,,4.6,1.04,0.5714285714285714,0.38,0.0
2026-05-01,662139,Daulton Varsho,TOR,hit,probable_recent,5,LEAN,2026-05-02T03:04:41.846523+00:00,1,1.0,0.6047,+1,0.5,0.9901,-0.3854,DraftKings,0.256,0.315,0.333,0.346,0.207,97.415185641,,0.046,0.0,,4.82,2.08,0.5714285714285714,0.62,0.0
2026-05-01,663330,Jahmai Jones,DET,hit,official,3,LEAN,2026-05-02T03:04:41.840343+00:00,1,1.0,0.6306,,,,,,0.294,0.39,0.565,0.435,0.282,103.4386025,,0.135,0.0,,4.63,1.3,0.5714285714285714,0.38,0.0
2026-05-01,663368,Blake Perkins,MIL,hit,official,8,NO,2026-05-02T03:04:41.848541+00:00,0,0.0,0.5907,+1,0.5,0.9901,-0.3994,DraftKings,0.153,0.232,0.333,0.2,0.242,96.289829333,,0.021,0.0,,4.6,1.04,0.5714285714285714,0.55,0.0
2026-05-01,663538,Nico Hoerner,CHC,hit,official,1,LEAN,2026-05-02T03:04:41.844500+00:00,1,1.0,0.6138,+1,0.5,0.9901,-0.3763,DraftKings,0.298,0.344,0.261,0.391,0.108,95.798525965,,0.021,0.0,,4.95,0.56,0.5714285714285714,0.38,0.0
2026-05-01,663586,Austin Riley,ATL,hit,probable_recent,5,LEAN,2026-05-02T03:04:41.844500+00:00,1,2.0,0.6182,,,,,,0.208,0.288,0.432,0.261,0.322,100.985161591,,0.052,0.0,,5.35,1.85,0.5714285714285714,0.38,0.0
2026-05-01,663647,Ke'Bryan Hayes,CIN,hit,official,9,NO,2026-05-02T03:04:41.848541+00:00,0,0.0,0.5924,+1,0.5,0.9901,-0.3977,DraftKings,0.245,0.321,0.394,0.379,0.195,99.760368387,,0.096,0.0,,3.85,0.22,0.5714285714285714,0.38,0.0
2026-05-01,663656,Kyle Tucker,LAD,hit,probable_recent,4,LEAN,2026-05-02T03:04:41.838323+00:00,0,0.0,0.6408,+1,0.5,0.9901,-0.3493,DraftKings,0.235,0.316,0.42,0.364,0.232,98.956517273,,0.053,0.0,,5.82,2.0,0.5714285714285714,0.62,0.0
2026-05-01,663743,Nick Fortes,TB,hit,official,8,LEAN,2026-05-02T03:04:41.840343+00:00,0,0.0,0.6308,,,,,,0.28,0.307,0.424,0.273,0.149,100.724446667,,0.012,0.0,,4.51,1.59,0.5714285714285714,0.38,0.0
2026-05-01,663757,Trent Grisham,NYY,hit,official,9,LEAN,2026-05-02T03:04:41.843118+00:00,1,1.0,0.6208,+1,0.5,0.9901,-0.3693,DraftKings,0.225,0.357,0.521,0.26,0.176,101.211032432,,0.088,0.0,,3.64,1.65,0.5714285714285714,0.62,0.0
2026-05-01,663837,Matt Vierling,DET,hit,official,6,LEAN,2026-05-02T03:04:41.846523+00:00,0,0.0,0.6079,+1,0.5,0.9901,-0.3822,DraftKings,0.263,0.307,0.415,0.377,0.142,99.239982692,,0.029,0.0,,4.63,1.3,0.5714285714285714,0.38,0.0
2026-05-01,663886,Tyler Stephenson,CIN,hit,official,8,NO,2026-05-02T03:04:41.846523+00:00,0,0.0,0.5984,,,,,,0.219,0.34,0.571,0.367,0.275,101.534195833,,0.081,0.0,,3.85,0.22,0.5714285714285714,0.38,0.0
2026-05-01,663993,Nathaniel Lowe,CIN,hit,official,5,LEAN,2026-05-02T03:04:41.840343+00:00,0,0.0,0.6333,+1,0.5,0.9901,-0.3568,DraftKings,0.318,0.426,0.5,0.477,0.176,102.433745714,,0.102,0.0,,3.85,0.22,0.5714285714285714,0.62,0.0
2026-05-01,664023,Ian Happ,CHC,hit,official,4,NO,2026-05-02T03:04:41.848541+00:00,0,0.0,0.5882,+1,0.5,0.9901,-0.4019,DraftKings,0.2,0.328,0.378,0.284,0.348,100.541831892,,0.075,0.0,,4.95,0.56,0.5714285714285714,0.55,0.0
2026-05-01,664040,Brandon Lowe,PIT,hit,official,2,LEAN,2026-05-02T03:04:41.844500+00:00,0,0.0,0.6174,+1,0.5,0.9901,-0.3727,DraftKings,0.252,0.356,0.449,0.359,0.355,101.01955,,0.083,0.0,,5.35,1.95,0.5714285714285714,0.62,0.0
2026-05-01,664761,Alec Bohm,PHI,hit,official,7,LEAN,2026-05-02T03:04:41.843118+00:00,1,2.0,0.6211,,,,,,0.218,0.271,0.382,0.36,0.194,98.943323111,,0.8,0.0,,5.15,1.49,0.5714285714285714,0.38,0.0
2026-05-01,664983,Jake McCarthy,COL,hit,probable_recent,2,LEAN,2026-05-02T03:04:41.844500+00:00,0,0.0,0.6145,,,,,,0.252,0.304,0.229,0.229,0.263,96.089259524,,0.03,0.0,,4.15,1.45,0.5714285714285714,0.62,0.0
2026-05-01,665489,Vladimir Guerrero Jr.,TOR,hit,probable_recent,3,LEAN,2026-05-02T03:04:41.842364+00:00,0,0.0,0.6293,+2,0.5,0.9804,-0.3511,DraftKings,0.332,0.396,0.459,0.337,0.211,103.398720816,,0.092,0.0,,4.82,2.08,0.5714285714285714,0.38,0.0
2026-05-01,665561,Rafael Marchán,PHI,hit,official,9,NO,2026-05-02T03:04:41.848541+00:00,0,0.0,0.591,,,,,,0.154,0.194,0.27,0.27,0.174,95.55464,,0.02,0.0,,5.15,1.49,0.5714285714285714,0.55,0.0
2026-05-01,665750,Leody Taveras,BAL,hit,official,7,LEAN,2026-05-02T03:04:41.840343+00:00,0,0.0,0.6336,+1,0.5,0.9901,-0.3565,DraftKings,0.277,0.373,0.373,0.471,0.259,99.233364,,0.038,0.0,,3.51,0.96,0.5714285714285714,0.55,0.0
2026-05-01,665833,Oneil Cruz,PIT,hit,official,1,LEAN,2026-05-02T03:04:41.840343+00:00,1,1.0,0.633,+1,0.5,0.9901,-0.3571,DraftKings,0.263,0.366,0.623,0.364,0.402,107.795437436,,0.124,0.0,,5.35,1.95,0.5714285714285714,0.62,0.0
2026-05-01,665862,Jazz Chisholm Jr.,NYY,hit,official,6,LEAN,2026-05-02T03:04:41.846523+00:00,1,1.0,0.6079,+1,0.5,0.9901,-0.3822,DraftKings,0.204,0.278,0.419,0.243,0.295,100.277946667,,0.041,0.0,,3.64,1.65,0.5714285714285714,0.62,0.0
2026-05-01,665926,Andrés Giménez,TOR,hit,probable_recent,8,NO,2026-05-02T03:04:41.848541+00:00,0,0.0,0.5854,,,,,,0.229,0.258,0.278,0.267,0.215,96.185987778,,0.027,0.0,,4.82,2.08,0.5714285714285714,0.62,0.0
2026-05-01,665966,Carlos Narváez,BOS,hit,official,8,NO,2026-05-02T03:04:41.848541+00:00,0,0.0,0.5881,,,,,,0.212,0.249,0.457,0.37,0.262,99.925423182,,0.06,0.0,,3.85,1.91,0.5714285714285714,0.38,0.0
2026-05-01,666152,David Hamilton,MIL,hit,official,9,LEAN,2026-05-02T03:04:41.846523+00:00,1,2.0,0.6078,,,,,,0.226,0.3,0.279,0.177,0.201,96.8159952,,0.022,0.0,,4.6,1.04,0.5714285714285714,0.62,0.0
2026-05-01,666160,Mickey Moniak,COL,hit,probable_recent,1,LEAN,2026-05-02T03:04:41.843118+00:00,1,2.0,0.625,,,,,,0.231,0.316,0.369,0.323,0.273,99.526899091,,0.082,0.0,,4.15,1.45,0.5714285714285714,0.62,0.0
2026-05-01,666397,Edouard Julien,COL,hit,probable_recent,8,LEAN,2026-05-02T03:04:41.838323+00:00,0,0.0,0.6429,,,,,,0.283,0.379,0.439,0.439,0.252,99.90077069,,0.066,0.0,,4.15,1.45,0.5714285714285714,0.62,0.0
2026-05-01,666464,Jerar Encarnacion,SF,hit,official,8,LEAN,2026-05-02T03:04:41.846523+00:00,0,0.0,0.6049,,,,,,0.185,0.207,0.348,0.391,0.178,97.9205625,,0.032,0.0,,4.36,0.31,0.5714285714285714,0.38,0.0
2026-05-01,666624,Christopher Morel,MIA,hit,official,8,NO,2026-05-02T03:04:41.848541+00:00,1,1.0,0.5782,,,,,,0.198,0.311,0.0,0.0,0.0,0.0,,0.0,0.0,,2.99,0.0,0.5714285714285714,0.38,0.0
2026-05-01,666969,Adolis García,PHI,hit,official,3,LEAN,2026-05-02T03:04:41.838323+00:00,1,1.0,0.6417,,,,,,0.252,0.325,0.5,0.363,0.292,101.7376565,,0.056,0.0,,5.15,1.49,0.5714285714285714,0.38,0.0
2026-05-01,668709,JJ Bleday,CIN,hit,official,7,LEAN,2026-05-02T03:04:41.844500+00:00,0,0.0,0.6137,+1,0.5,0.9901,-0.3764,DraftKings,0.504,0.65,0.0,0.0,0.0,0.0,,0.0,0.0,,3.85,0.22,0.5714285714285714,0.62,0.0
2026-05-01,668715,Spencer Steer,CIN,hit,official,6,NO,2026-05-02T03:04:41.846523+00:00,1,1.0,0.5974,+1,0.5,0.9901,-0.3927,DraftKings,0.252,0.365,0.386,0.4,0.242,100.340862424,,0.1,0.0,,3.85,0.22,0.5714285714285714,0.38,0.0
2026-05-01,668723,Ryan Vilade,TB,hit,official,3,LEAN,2026-05-02T03:04:41.840343+00:00,0,0.0,0.6349,,,,,,0.264,0.3,0.32,0.48,0.208,98.130013077,,0.0,0.0,,4.51,1.59,0.5714285714285714,0.38,0.0
2026-05-01,668804,Bryan Reynolds,PIT,hit,official,3,LEAN,2026-05-02T03:04:41.846523+00:00,1,2.0,0.6068,+1,0.5,0.9901,-0.3833,DraftKings,0.229,0.341,0.442,0.312,0.298,101.900971282,,0.049,0.0,,5.35,1.95,0.5714285714285714,0.55,0.0
2026-05-01,668885,Austin Martin,MIN,hit,probable_recent,2,LEAN,2026-05-02T03:04:41.844500+00:00,1,3.0,0.6145,+1,0.5,0.9901,-0.3756,DraftKings,0.269,0.382,0.365,0.308,0.145,97.292531154,,0.023,0.0,,5.9,1.09,0.5714285714285714,0.38,0.0
2026-05-01,668904,Royce Lewis,MIN,hit,probable_recent,7,LEAN,2026-05-02T03:04:41.846523+00:00,0,0.0,0.6032,+1,0.5,0.9901,-0.3869,DraftKings,0.227,0.315,0.444,0.333,0.323,100.873816087,,0.079,0.0,,5.9,1.09,0.5714285714285714,0.38,0.0
2026-05-01,668930,Brice Turang,MIL,hit,official,2,YES,2026-05-02T03:04:41.834063+00:00,1,1.0,0.6627,+1,0.5,0.9901,-0.3274,DraftKings,0.292,0.42,0.545,0.442,0.178,102.851809474,,0.07,0.0,,4.6,1.04,0.5714285714285714,0.62,0.0
2026-05-01,668939,Adley Rutschman,BAL,hit,official,3,LEAN,2026-05-02T03:04:41.838323+00:00,0,0.0,0.6358,+1,0.5,0.9901,-0.3543,DraftKings,0.254,0.324,0.471,0.373,0.119,99.826751154,,0.063,0.0,,3.51,0.96,0.5714285714285714,0.55,0.0
2026-05-01,669003,Garrett Mitchell,MIL,hit,official,1,LEAN,2026-05-02T03:04:41.840343+00:00,1,1.0,0.6301,,,,,,0.211,0.341,0.488,0.326,0.42,104.512605714,,0.061,0.0,,4.6,1.04,0.5714285714285714,0.62,0.0
2026-05-01,669016,Brandon Marsh,PHI,hit,official,4,LEAN,2026-05-02T03:04:41.834063+00:00,1,1.0,0.6556,,,,,,0.275,0.317,0.5,0.423,0.204,100.715517949,,0.038,0.0,,5.15,1.49,0.5714285714285714,0.62,0.0
2026-05-01,669065,Kyle Stowers,MIA,hit,official,2,LEAN,2026-05-02T03:04:41.834063+00:00,0,0.0,0.6474,,,,,,0.287,0.345,0.667,0.259,0.293,100.90997,,0.024,0.0,,2.99,0.0,0.5714285714285714,0.62,0.0
2026-05-01,669224,Austin Wells,NYY,hit,official,8,LEAN,2026-05-02T03:04:41.844500+00:00,1,1.0,0.62,+1,0.5,0.9901,-0.3701,DraftKings,0.237,0.338,0.464,0.268,0.247,101.050226667,,0.034,0.0,,3.64,1.65,0.5714285714285714,0.62,0.0
2026-05-01,669257,Will Smith,LAD,hit,probable_recent,5,LEAN,2026-05-02T03:04:41.838323+00:00,1,1.0,0.6421,+2,0.5,0.9804,-0.3383,DraftKings,0.266,0.358,0.365,0.405,0.146,99.235775135,,0.091,0.0,,5.82,2.0,0.5714285714285714,0.38,0.0
2026-05-01,669357,Nolan Gorman,STL,hit,probable_recent,5,LEAN,2026-05-02T03:04:41.844500+00:00,1,1.0,0.6171,+1,0.5,0.9901,-0.373,DraftKings,0.206,0.279,0.411,0.356,0.328,99.794571622,,0.034,0.0,,3.98,1.74,0.5714285714285714,0.62,0.0
2026-05-01,669364,Xavier Edwards,MIA,hit,official,4,LEAN,2026-05-02T03:04:41.838323+00:00,1,1.0,0.6367,,,,,,0.294,0.367,0.414,0.374,0.158,97.861009796,,0.038,0.0,,2.99,0.0,0.5714285714285714,0.55,0.0
2026-05-01,669394,Jake Burger,TEX,hit,official,6,NO,2026-05-02T03:04:41.846523+00:00,1,2.0,0.5972,+1,0.5,0.9901,-0.3929,DraftKings,0.211,0.269,0.476,0.298,0.347,102.314158333,,0.062,0.0,,5.46,1.55,0.5714285714285714,0.38,0.0
2026-05-01,669477,Casey Schmitt,SF,hit,official,4,LEAN,2026-05-02T03:04:41.838323+00:00,1,1.0,0.6431,,,,,,0.28,0.37,0.467,0.4,0.223,101.08129,,0.108,0.0,,4.36,0.31,0.5714285714285714,0.38,0.0
2026-05-01,670541,Yordan Alvarez,HOU,hit,official,2,LEAN,2026-05-02T03:04:41.840343+00:00,0,0.0,0.6328,,,,,,0.372,0.529,0.495,0.457,0.19,104.662633585,,0.133,0.0,,0.0,1.8,0.5714285714285714,0.62,0.0
2026-05-01,670623,Isaac Paredes,HOU,hit,official,3,NO,2026-05-02T03:04:41.848541+00:00,1,2.0,0.5655,,,,,,0.232,0.298,0.259,0.333,0.179,96.130452195,,0.018,0.0,,0.0,1.8,0.5714285714285714,0.38,0.0
2026-05-01,670764,Taylor Walls,TB,hit,official,9,NO,2026-05-02T03:04:41.848541+00:00,1,2.0,0.5858,,,,,,0.174,0.242,0.19,0.286,0.252,94.252690556,,0.0,0.0,,4.51,1.59,0.5714285714285714,0.55,0.0
2026-05-01,670770,TJ Friedl,CIN,hit,official,1,NO,2026-05-02T03:04:41.848541+00:00,1,2.0,0.5756,+1,0.5,0.9901,-0.4145,DraftKings,0.189,0.246,0.293,0.256,0.241,97.340279444,,0.016,0.0,,3.85,0.22,0.5714285714285714,0.62,0.0
2026-05-01,671056,Iván Herrera,STL,hit,probable_recent,2,LEAN,2026-05-02T03:04:41.840343+00:00,1,2.0,0.6343,,,,,,0.269,0.392,0.466,0.295,0.199,102.231374318,,0.056,0.0,,3.98,1.74,0.5714285714285714,0.38,0.0
2026-05-01,671218,Heliot Ramos,SF,hit,official,1,LEAN,2026-05-02T03:04:41.834063+00:00,0,0.0,0.6504,,,,,,0.28,0.333,0.554,0.378,0.279,105.361345278,,0.102,0.0,,4.36,0.31,0.5714285714285714,0.38,0.0
2026-05-01,671277,Luis García Jr.,WSH,hit,official,2,LEAN,2026-05-02T03:04:41.838323+00:00,0,0.0,0.6361,,,,,,0.281,0.324,0.464,0.286,0.161,101.947165366,,0.048,0.0,,3.05,0.95,0.5714285714285714,0.62,0.0
2026-05-01,671289,Tyler Freeman,COL,hit,probable_recent,4,LEAN,2026-05-02T03:04:41.840343+00:00,1,1.0,0.6318,,,,,,0.298,0.342,0.308,0.327,0.134,97.440615417,,0.0,0.0,,4.15,1.45,0.5714285714285714,0.38,0.0
2026-05-01,671739,Michael Harris II,ATL,hit,probable_recent,7,YES,2026-05-02T03:04:41.834063+00:00,1,1.0,0.6674,,,,,,0.345,0.443,0.56,0.298,0.257,105.799198333,,0.139,0.0,,5.35,1.85,0.5714285714285714,0.62,0.0
2026-05-01,672012,Tyler Black,MIL,hit,official,6,NO,2026-05-02T03:04:41.848541+00:00,1,2.0,0.5878,,,,,,0.167,0.199,0.071,0.143,0.229,93.312868571,,0.0,0.0,,4.6,1.04,0.5714285714285714,0.62,0.0
2026-05-01,672275,Patrick Bailey,SF,hit,official,9,LEAN,2026-05-02T03:04:41.843118+00:00,1,1.0,0.6248,,,,,,0.233,0.296,0.455,0.345,0.266,99.513470741,,0.037,0.0,,4.36,0.31,0.5714285714285714,0.55,0.0
2026-05-01,672515,Gabriel Moreno,AZ,hit,official,5,LEAN,2026-05-02T03:04:41.846523+00:00,0,0.0,0.6035,+1,0.5,0.9901,-0.3866,DraftKings,0.257,0.336,0.424,0.364,0.242,99.265917059,,0.067,0.0,,4.27,0.83,0.5714285714285714,0.38,0.0
2026-05-01,672640,Otto Lopez,MIA,hit,official,3,LEAN,2026-05-02T03:04:41.840343+00:00,1,3.0,0.632,,,,,,0.287,0.341,0.495,0.28,0.236,102.39262,,0.071,0.0,,2.99,0.0,0.5714285714285714,0.38,0.0
2026-05-01,672695,Geraldo Perdomo,AZ,hit,official,1,NO,2026-05-02T03:04:41.848541+00:00,1,2.0,0.5915,+1,0.5,0.9901,-0.3986,DraftKings,0.234,0.321,0.253,0.316,0.109,96.323511622,,0.018,0.0,,4.27,0.83,0.5714285714285714,0.55,0.0
2026-05-01,672761,Wenceel Pérez,DET,hit,official,8,NO,2026-05-02T03:04:41.846523+00:00,1,1.0,0.5968,,,,,,0.223,0.323,0.463,0.268,0.122,98.96181619,,0.1,0.0,,4.63,1.3,0.5714285714285714,0.55,0.0
2026-05-01,672820,Lenyn Sosa,TOR,hit,probable_recent,6,NO,2026-05-02T03:04:41.846523+00:00,1,3.0,0.5958,+1,0.5,0.9901,-0.3943,DraftKings,0.232,0.244,0.36,0.38,0.237,98.7881204,,0.032,0.0,,4.82,2.08,0.5714285714285714,0.38,0.0
2026-05-01,672960,Kazuma Okamoto,TOR,hit,probable_recent,4,LEAN,2026-05-02T03:04:41.846523+00:00,1,2.0,0.604,+1,0.5,0.9901,-0.3861,DraftKings,0.226,0.32,0.514,0.333,0.328,103.454353056,,0.073,0.0,,4.82,2.08,0.5714285714285714,0.38,0.0
2026-05-01,673237,Yainer Diaz,HOU,hit,official,6,NO,2026-05-02T03:04:41.848541+00:00,1,2.0,0.5606,,,,,,0.243,0.265,0.278,0.241,0.236,97.79275875,,0.031,0.0,,0.0,1.8,0.5714285714285714,0.38,0.0
2026-05-01,673548,Seiya Suzuki,CHC,hit,official,5,LEAN,2026-05-02T03:04:41.843118+00:00,0,0.0,0.6284,+1,0.5,0.9901,-0.3617,DraftKings,0.298,0.394,0.479,0.479,0.246,101.964285833,,0.063,0.0,,4.95,0.56,0.5714285714285714,0.38,0.0
2026-05-01,673962,Josh Jung,TEX,hit,official,4,LEAN,2026-05-02T03:04:41.840343+00:00,1,2.0,0.6347,+1,0.5,0.9901,-0.3554,DraftKings,0.303,0.368,0.53,0.41,0.177,101.029846667,,0.044,0.0,,5.46,1.55,0.5714285714285714,0.38,0.0
2026-05-01,676356,Jonny DeLuca,TB,hit,official,6,LEAN,2026-05-02T03:04:41.843118+00:00,0,0.0,0.6232,,,,,,0.269,0.31,0.327,0.306,0.236,99.25380875,,0.048,0.0,,4.51,1.59,0.5714285714285714,0.38,0.0
2026-05-01,676475,Alec Burleson,STL,hit,probable_recent,3,LEAN,2026-05-02T03:04:41.838323+00:00,1,1.0,0.6415,+1,0.5,0.9901,-0.3486,DraftKings,0.278,0.386,0.471,0.304,0.191,101.704869608,,0.089,0.0,,3.98,1.74,0.5714285714285714,0.62,0.0
2026-05-01,676609,José Caballero,NYY,hit,official,7,NO,2026-05-02T03:04:41.848541+00:00,1,1.0,0.595,,,,,,0.212,0.249,0.275,0.3,0.287,96.246464737,,0.018,0.0,,3.64,1.65,0.5714285714285714,0.38,0.0
2026-05-01,677649,Ezequiel Duran,TEX,hit,official,8,NO,2026-05-02T03:04:41.848541+00:00,0,0.0,0.5956,,,,,,0.244,0.289,0.391,0.261,0.308,100.540449545,,0.031,0.0,,5.46,1.55,0.5714285714285714,0.38,0.0
2026-05-01,677800,Wilyer Abreu,BOS,hit,official,4,LEAN,2026-05-02T03:04:41.844500+00:00,0,0.0,0.6189,,,,,,0.296,0.375,0.478,0.326,0.207,101.818984348,,0.087,0.0,,3.85,1.91,0.5714285714285714,0.62,0.0
2026-05-01,677942,Blaze Alexander,BAL,hit,official,9,LEAN,2026-05-02T03:04:41.842364+00:00,1,1.0,0.6291,+1,0.5,0.9901,-0.361,DraftKings,0.28,0.314,0.488,0.349,0.342,99.741671429,,0.014,0.0,,3.51,0.96,0.5714285714285714,0.38,0.0
2026-05-01,677950,Alek Thomas,AZ,hit,official,8,NO,2026-05-02T03:04:41.846523+00:00,0,0.0,0.5984,,,,,,0.234,0.29,0.418,0.358,0.254,100.15509625,,0.056,0.0,,4.27,0.83,0.5714285714285714,0.62,0.0
2026-05-01,678391,Jorbit Vivas,WSH,hit,official,7,LEAN,2026-05-02T03:04:41.846523+00:00,0,0.0,0.6069,,,,,,0.257,0.305,0.241,0.276,0.136,94.721701429,,0.013,0.0,,3.05,0.95,0.5714285714285714,0.62,0.0
2026-05-01,678489,Jorge Barrosa,AZ,hit,official,9,NO,2026-05-02T03:04:41.848541+00:00,1,2.0,0.5638,,,,,,0.171,0.213,0.2,0.4,0.258,94.621875294,,0.045,0.0,,4.27,0.83,0.5714285714285714,0.55,0.0
2026-05-01,678554,Curtis Mead,WSH,hit,official,3,LEAN,2026-05-02T03:04:41.844500+00:00,0,0.0,0.6202,+1,0.5,0.9901,-0.3699,DraftKings,0.258,0.349,0.442,0.25,0.163,100.896461538,,0.07,0.0,,3.05,0.95,0.5714285714285714,0.38,0.0
2026-05-01,678882,Ceddanne Rafaela,BOS,hit,official,7,NO,2026-05-02T03:04:41.848541+00:00,1,1.0,0.5904,,,,,,0.233,0.293,0.408,0.366,0.284,98.929676571,,0.048,0.0,,3.85,1.91,0.5714285714285714,0.38,0.0
2026-05-01,679529,Spencer Torkelson,DET,hit,official,7,LEAN,2026-05-02T03:04:41.844500+00:00,1,1.0,0.6097,+1,0.5,0.9901,-0.3804,DraftKings,0.248,0.376,0.478,0.448,0.275,101.78746697,,0.083,0.0,,4.63,1.3,0.5714285714285714,0.38,0.0
2026-05-01,680574,Matt McLain,CIN,hit,official,2,NO,2026-05-02T03:04:41.848541+00:00,0,0.0,0.5863,+1,0.5,0.9901,-0.4038,DraftKings,0.228,0.325,0.325,0.325,0.245,98.042728,,0.052,0.0,,3.85,0.22,0.5714285714285714,0.38,0.0
2026-05-01,680728,Adrian Del Castillo,AZ,hit,official,4,NO,2026-05-02T03:04:41.848541+00:00,1,1.0,0.5894,,,,,,0.202,0.261,0.359,0.359,0.281,97.955927895,,0.049,0.0,,4.27,0.83,0.5714285714285714,0.62,0.0
2026-05-01,680776,Jarren Duran,BOS,hit,official,1,NO,2026-05-02T03:04:41.848541+00:00,1,1.0,0.5905,,,,,,0.216,0.273,0.417,0.236,0.356,102.498421714,,0.065,0.0,,3.85,1.91,0.5714285714285714,0.62,0.0
2026-05-01,680777,Ryan Jeffers,MIN,hit,probable_recent,3,LEAN,2026-05-02T03:04:41.844500+00:00,1,1.0,0.6179,+1,0.5,0.9901,-0.3722,DraftKings,0.266,0.386,0.413,0.349,0.181,102.158040938,,0.094,0.0,,5.9,1.09,0.5714285714285714,0.38,0.0
2026-05-01,680779,Henry Davis,PIT,hit,official,9,NO,2026-05-02T03:04:41.848541+00:00,1,2.0,0.5699,,,,,,0.165,0.227,0.353,0.196,0.232,100.451848,,0.027,0.0,,5.35,1.95,0.5714285714285714,0.38,0.0
2026-05-01,681082,Bryson Stott,PHI,hit,official,6,LEAN,2026-05-02T03:04:41.838323+00:00,1,1.0,0.6371,,,,,,0.25,0.291,0.437,0.31,0.184,99.131958,,0.032,0.0,,5.15,1.49,0.5714285714285714,0.62,0.0
2026-05-01,681198,TJ Rumfield,COL,hit,probable_recent,6,LEAN,2026-05-02T03:04:41.838323+00:00,1,1.0,0.636,,,,,,0.272,0.341,0.389,0.379,0.202,98.989009362,,0.063,0.0,,4.15,1.45,0.5714285714285714,0.62,0.0
2026-05-01,681546,James Outman,MIN,hit,probable_recent,9,NO,2026-05-02T03:04:41.848541+00:00,1,1.0,0.5643,,,,,,0.123,0.167,0.25,0.188,0.383,93.7045825,,0.0,0.0,,5.9,1.09,0.5714285714285714,0.62,0.0
2026-05-01,681624,Andy Pages,LAD,hit,probable_recent,3,LEAN,2026-05-02T03:04:41.834063+00:00,1,1.0,0.6574,+1,0.5,0.9901,-0.3327,DraftKings,0.288,0.346,0.535,0.349,0.234,101.674505349,,0.041,0.0,,5.82,2.0,0.5714285714285714,0.38,0.0
2026-05-01,682663,Agustín Ramírez,MIA,hit,official,6,LEAN,2026-05-02T03:04:41.846523+00:00,1,1.0,0.6042,,,,,,0.232,0.284,0.388,0.275,0.317,101.487748,,0.034,0.0,,2.99,0.0,0.5714285714285714,0.38,0.0
2026-05-01,682829,Elly De La Cruz,CIN,hit,official,3,LEAN,2026-05-02T03:04:41.844500+00:00,0,0.0,0.6162,+1,0.5,0.9901,-0.3739,DraftKings,0.274,0.381,0.548,0.321,0.321,106.066890488,,0.101,0.0,,3.85,0.22,0.5714285714285714,0.55,0.0
2026-05-01,682928,CJ Abrams,WSH,hit,official,4,LEAN,2026-05-02T03:04:41.838323+00:00,0,0.0,0.6368,+1,0.5,0.9901,-0.3533,DraftKings,0.288,0.399,0.46,0.345,0.292,101.082495909,,0.084,0.0,,3.05,0.95,0.5714285714285714,0.62,0.0
2026-05-01,682985,Riley Greene,DET,hit,official,5,LEAN,2026-05-02T03:04:41.843118+00:00,1,2.0,0.6263,+1,0.5,0.9901,-0.3638,DraftKings,0.284,0.404,0.5,0.436,0.286,102.839723077,,0.09,0.0,,4.63,1.3,0.5714285714285714,0.62,0.0
2026-05-01,682998,Corbin Carroll,AZ,hit,official,3,LEAN,2026-05-02T03:04:41.846523+00:00,0,0.0,0.6047,+1,0.5,0.9901,-0.3854,DraftKings,0.251,0.367,0.388,0.358,0.332,99.879486471,,0.078,0.0,,4.27,0.83,0.5714285714285714,0.62,0.0
2026-05-01,683002,Gunnar Henderson,BAL,hit,official,1,LEAN,2026-05-02T03:04:41.840343+00:00,0,0.0,0.63,+1,0.5,0.9901,-0.3601,DraftKings,0.23,0.312,0.466,0.364,0.275,100.878896136,,0.069,0.0,,3.51,0.96,0.5714285714285714,0.62,0.0
2026-05-01,683357,Owen Caissie,MIA,hit,official,7,LEAN,2026-05-02T03:04:41.844500+00:00,0,0.0,0.6188,,,,,,0.211,0.281,0.469,0.449,0.357,103.01921125,,0.063,0.0,,2.99,0.0,0.5714285714285714,0.62,0.0
2026-05-01,683737,Michael Busch,CHC,hit,official,6,NO,2026-05-02T03:04:41.848541+00:00,1,2.0,0.5862,+1,0.5,0.9901,-0.4039,DraftKings,0.204,0.285,0.329,0.282,0.248,97.060363488,,0.053,0.0,,4.95,0.56,0.5714285714285714,0.62,0.0
2026-05-01,686217,Sal Frelick,MIL,hit,official,7,LEAN,2026-05-02T03:04:41.844500+00:00,1,1.0,0.6145,,,,,,0.236,0.303,0.266,0.278,0.128,96.949684872,,0.028,0.0,,4.6,1.04,0.5714285714285714,0.62,0.0
2026-05-01,686452,Drew Millas,WSH,hit,official,8,NO,2026-05-02T03:04:41.848541+00:00,0,0.0,0.592,,,,,,0.196,0.234,0.189,0.432,0.218,91.114627778,,0.017,0.0,,3.05,0.95,0.5714285714285714,0.55,0.0
2026-05-01,686780,Pedro Pagés,STL,hit,probable_recent,8,LEAN,2026-05-02T03:04:41.846523+00:00,1,1.0,0.6084,,,,,,0.236,0.298,0.314,0.333,0.274,97.7858428,,0.056,0.0,,3.98,1.74,0.5714285714285714,0.38,0.0
2026-05-01,686797,Brooks Lee,MIN,hit,probable_recent,8,NO,2026-05-02T03:04:41.846523+00:00,1,2.0,0.5966,+1,0.5,0.9901,-0.3935,DraftKings,0.213,0.274,0.342,0.342,0.209,97.269126923,,0.037,0.0,,5.9,1.09,0.5714285714285714,0.55,0.0
2026-05-01,686948,Drake Baldwin,ATL,hit,probable_recent,2,YES,2026-05-02T03:04:41.834063+00:00,0,0.0,0.6631,,,,,,0.299,0.394,0.49,0.412,0.215,102.760977059,,0.096,0.0,,5.35,1.85,0.5714285714285714,0.62,0.0
2026-05-01,687363,Victor Scott II,STL,hit,probable_recent,9,NO,2026-05-02T03:04:41.846523+00:00,0,0.0,0.5983,+1,0.5,0.9901,-0.3918,DraftKings,0.214,0.257,0.267,0.267,0.309,97.1019504,,0.011,0.0,,3.98,1.74,0.5714285714285714,0.62,0.0
2026-05-01,687462,Spencer Horwitz,PIT,hit,official,7,NO,2026-05-02T03:04:41.848541+00:00,0,0.0,0.5889,+1,0.5,0.9901,-0.4012,DraftKings,0.224,0.306,0.282,0.239,0.176,96.253698889,,1.0,0.0,,5.35,1.95,0.5714285714285714,0.62,0.0
2026-05-01,687637,Dylan Beavers,BAL,hit,official,6,LEAN,2026-05-02T03:04:41.844500+00:00,0,0.0,0.6164,,,,,,0.23,0.303,0.4,0.3,0.236,99.088819333,,0.044,0.0,,3.51,0.96,0.5714285714285714,0.62,0.0
2026-05-01,687859,Troy Johnston,COL,hit,probable_recent,9,LEAN,2026-05-02T03:04:41.838323+00:00,1,2.0,0.6362,,,,,,0.263,0.321,0.413,0.453,0.217,99.140485,,0.019,0.0,,4.15,1.45,0.5714285714285714,0.62,0.0
2026-05-01,687957,Dustin Harris,HOU,hit,official,9,NO,2026-05-02T03:04:41.848541+00:00,1,1.0,0.5802,,,,,,0.273,0.338,0.161,0.484,0.161,93.527905625,,0.0,0.0,,0.0,1.8,0.5714285714285714,0.62,0.0
2026-05-01,689414,Liam Hicks,MIA,hit,official,5,LEAN,2026-05-02T03:04:41.838323+00:00,0,0.0,0.6426,,,,,,0.321,0.372,0.402,0.356,0.083,98.97607907,,0.067,0.0,,2.99,0.0,0.5714285714285714,0.62,0.0
2026-05-01,691023,Jordan Walker,STL,hit,probable_recent,4,LEAN,2026-05-02T03:04:41.838323+00:00,1,4.0,0.6447,+1,0.5,0.9901,-0.3454,DraftKings,0.268,0.384,0.592,0.395,0.34,106.803456842,,0.123,0.0,,3.98,1.74,0.5714285714285714,0.38,0.0
2026-05-01,691026,Masyn Winn,STL,hit,probable_recent,6,LEAN,2026-05-02T03:04:41.844500+00:00,1,2.0,0.6134,+1,0.5,0.9901,-0.3767,DraftKings,0.251,0.3,0.267,0.36,0.225,96.975555946,,0.018,0.0,,3.98,1.74,0.5714285714285714,0.38,0.0
2026-05-01,691406,Junior Caminero,TB,hit,official,2,LEAN,2026-05-02T03:04:41.840343+00:00,1,1.0,0.635,,,,,,0.276,0.358,0.442,0.25,0.227,104.283479167,,0.076,0.0,,4.51,1.59,0.5714285714285714,0.38,0.0
2026-05-01,691594,Javier Sanoja,MIA,hit,official,9,NO,2026-05-02T03:04:41.846523+00:00,0,0.0,0.5999,,,,,,0.237,0.269,0.327,0.273,0.143,97.879850357,,0.015,0.0,,2.99,0.0,0.5714285714285714,0.38,0.0
2026-05-01,691718,Pete Crow-Armstrong,CHC,hit,official,8,NO,2026-05-02T03:04:41.846523+00:00,1,1.0,0.5967,+1,0.5,0.9901,-0.3934,DraftKings,0.221,0.287,0.468,0.228,0.299,102.513842162,,0.047,0.0,,4.95,0.56,0.5714285714285714,0.62,0.0
2026-05-01,691723,Coby Mayo,BAL,hit,official,8,LEAN,2026-05-02T03:04:41.846523+00:00,0,0.0,0.602,+1,0.5,0.9901,-0.3881,DraftKings,0.218,0.294,0.396,0.264,0.306,102.370948148,,0.047,0.0,,3.51,0.96,0.5714285714285714,0.38,0.0
2026-05-01,691781,Brady House,WSH,hit,official,6,LEAN,2026-05-02T03:04:41.846523+00:00,0,0.0,0.6065,+1,0.5,0.9901,-0.3836,DraftKings,0.23,0.301,0.425,0.274,0.345,101.43611027,,0.075,0.0,,3.05,0.95,0.5714285714285714,0.38,0.0
2026-05-01,691785,Marcelo Mayer,BOS,hit,official,6,NO,2026-05-02T03:04:41.848541+00:00,1,1.0,0.5911,,,,,,0.221,0.295,0.429,0.286,0.243,99.380133226,,0.071,0.0,,3.85,1.91,0.5714285714285714,0.62,0.0
2026-05-01,693304,Nick Gonzales,PIT,hit,official,5,LEAN,2026-05-02T03:04:41.843118+00:00,1,3.0,0.6219,+1,0.5,0.9901,-0.3682,DraftKings,0.306,0.333,0.422,0.349,0.246,98.966705,,0.9,0.0,,5.35,1.95,0.5714285714285714,0.38,0.0
2026-05-01,693307,Dillon Dingler,DET,hit,official,4,LEAN,2026-05-02T03:04:41.840343+00:00,1,1.0,0.634,+1,0.5,0.9901,-0.3561,DraftKings,0.31,0.422,0.541,0.459,0.209,101.789502432,,0.123,0.0,,4.63,1.3,0.5714285714285714,0.38,0.0
2026-05-01,694208,Moisés Ballesteros,CHC,hit,official,2,LEAN,2026-05-02T03:04:41.840343+00:00,0,0.0,0.6332,+1,0.5,0.9901,-0.3569,DraftKings,0.287,0.364,0.533,0.4,0.235,101.672402667,,0.089,0.0,,4.95,0.56,0.5714285714285714,0.62,0.0
2026-05-01,694212,Samuel Basallo,BAL,hit,official,5,LEAN,2026-05-02T03:04:41.843118+00:00,1,1.0,0.6242,,,,,,0.244,0.339,0.466,0.293,0.345,103.290035517,,0.065,0.0,,3.51,0.96,0.5714285714285714,0.62,0.0
2026-05-01,694497,Evan Carter,TEX,hit,official,2,LEAN,2026-05-02T03:04:41.846523+00:00,0,0.0,0.6083,+1,0.5,0.9901,-0.3818,DraftKings,0.221,0.316,0.382,0.382,0.244,98.988821875,,0.055,0.0,,5.46,1.55,0.5714285714285714,0.62,0.0
2026-05-01,694728,Brice Matthews,HOU,hit,official,8,NO,2026-05-02T03:04:41.848541+00:00,1,1.0,0.5546,,,,,,0.191,0.262,0.324,0.412,0.395,99.4958625,,0.047,0.0,,0.0,1.8,0.5714285714285714,0.38,0.0
2026-05-01,695578,James Wood,WSH,hit,official,1,LEAN,2026-05-02T03:04:41.834063+00:00,0,0.0,0.6491,+1,0.5,0.9901,-0.341,DraftKings,0.267,0.433,0.639,0.389,0.358,108.359336667,,0.135,0.0,,3.05,0.95,0.5714285714285714,0.62,0.0
2026-05-01,695734,Daylen Lile,WSH,hit,official,5,LEAN,2026-05-02T03:04:41.840343+00:00,1,1.0,0.6339,+1,0.5,0.9901,-0.3562,DraftKings,0.285,0.339,0.382,0.417,0.244,98.061068824,,0.036,0.0,,3.05,0.95,0.5714285714285714,0.62,0.0
2026-05-01,696030,Alejandro Osuna,TEX,hit,official,7,LEAN,2026-05-02T03:04:41.838323+00:00,1,1.0,0.6457,+1,0.5,0.9901,-0.3444,DraftKings,0.397,0.504,0.286,0.571,0.105,95.418745,,0.0,0.0,,5.46,1.55,0.5714285714285714,0.62,0.0
2026-05-01,696100,Hunter Goodman,COL,hit,probable_recent,3,LEAN,2026-05-02T03:04:41.840343+00:00,1,1.0,0.6314,,,,,,0.227,0.332,0.54,0.381,0.377,103.959293548,,0.083,0.0,,4.15,1.45,0.5714285714285714,0.38,0.0
2026-05-01,696285,Jacob Young,WSH,hit,official,9,LEAN,2026-05-02T03:04:41.844500+00:00,1,1.0,0.6195,+1,0.5,0.9901,-0.3706,DraftKings,0.278,0.31,0.349,0.398,0.218,98.1981505,,0.037,0.0,,3.05,0.95,0.5714285714285714,0.38,0.0
2026-05-01,699912,Jose Fernandez,AZ,hit,official,6,LEAN,2026-05-02T03:04:41.846523+00:00,1,1.0,0.6033,+1,0.5,0.9901,-0.3868,DraftKings,0.267,0.306,0.453,0.297,0.245,102.268200645,,0.047,0.0,,4.27,0.83,0.5714285714285714,0.38,0.0
2026-05-01,700250,Ben Rice,NYY,hit,official,2,YES,2026-05-02T03:04:41.834063+00:00,1,2.0,0.6621,+1,0.5,0.9901,-0.328,DraftKings,0.305,0.446,0.609,0.42,0.246,103.533069429,,0.115,0.0,,3.64,1.65,0.5714285714285714,0.62,0.0
2026-05-01,701350,Roman Anthony,BOS,hit,official,3,LEAN,2026-05-02T03:04:41.844500+00:00,1,3.0,0.6094,,,,,,0.248,0.336,0.469,0.391,0.302,102.468667813,,0.052,0.0,,3.85,1.91,0.5714285714285714,0.62,0.0
2026-05-01,701358,Cam Smith,HOU,hit,official,7,NO,2026-05-02T03:04:41.848541+00:00,0,0.0,0.579,,,,,,0.252,0.348,0.452,0.315,0.306,102.827276944,,0.089,0.0,,0.0,1.8,0.5714285714285714,0.38,0.0
2026-05-01,701398,Sal Stewart,CIN,hit,official,4,LEAN,2026-05-02T03:04:41.844500+00:00,0,0.0,0.6106,+1,0.5,0.9901,-0.3795,DraftKings,0.28,0.403,0.446,0.391,0.249,102.431644091,,0.142,0.0,,3.85,0.22,0.5714285714285714,0.38,0.0
2026-05-01,701675,Nathan Church,STL,hit,probable_recent,7,LEAN,2026-05-02T03:04:41.843118+00:00,1,1.0,0.6234,+1,0.5,0.9901,-0.3667,DraftKings,0.24,0.313,0.385,0.354,0.23,99.551048438,,0.098,0.0,,3.98,1.74,0.5714285714285714,0.62,0.0
2026-05-01,701678,Hao-Yu  Lee,DET,hit,official,9,LEAN,2026-05-02T03:04:41.846523+00:00,1,1.0,0.601,,,,,,0.243,0.373,0.438,0.438,0.392,102.12791875,,0.111,0.0,,4.63,1.3,0.5714285714285714,0.38,0.0
2026-05-01,702222,Justin Crawford,PHI,hit,official,8,LEAN,2026-05-02T03:04:41.843118+00:00,1,1.0,0.6256,,,,,,0.24,0.282,0.352,0.31,0.208,98.097539143,,1.0,0.0,,5.15,1.49,0.5714285714285714,0.62,0.0
2026-05-01,702332,Caleb Durbin,BOS,hit,official,9,NO,2026-05-02T03:04:41.848541+00:00,1,1.0,0.5709,,,,,,0.218,0.272,0.301,0.241,0.145,96.599780488,,0.9,0.0,,3.85,1.91,0.5714285714285714,0.38,0.0
2026-05-01,802139,JJ Wetherholt,STL,hit,probable_recent,1,LEAN,2026-05-02T03:04:41.840343+00:00,0,0.0,0.6315,+1,0.5,0.9901,-0.3586,DraftKings,0.227,0.364,0.447,0.362,0.234,99.660436596,,0.063,0.0,,3.98,1.74,0.5714285714285714,0.62,0.0
2026-05-01,802415,Chandler Simpson,TB,hit,official,1,LEAN,2026-05-02T03:04:41.843118+00:00,1,1.0,0.6283,,,,,,0.279,0.285,0.135,0.304,0.102,92.89724,,0.0,0.0,,4.51,1.59,0.5714285714285714,0.62,0.0
2026-05-01,804606,Konnor Griffin,PIT,hit,official,8,NO,2026-05-02T03:04:41.848541+00:00,1,1.0,0.5843,+1,0.5,0.9901,-0.4058,DraftKings,0.218,0.287,0.306,0.323,0.347,99.36620871,,0.06,0.0,,5.35,1.95,0.5714285714285714,0.38,0.0
2026-05-01,805300,Jakob Marsee,MIA,hit,official,1,LEAN,2026-05-02T03:04:41.846523+00:00,1,1.0,0.606,,,,,,0.19,0.276,0.384,0.279,0.166,98.767139048,,0.014,0.0,,2.99,0.0,0.5714285714285714,0.62,0.0
2026-05-01,805808,Kevin McGonigle,DET,hit,official,2,LEAN,2026-05-02T03:04:41.840343+00:00,0,0.0,0.6307,+2,0.5,0.9804,-0.3497,DraftKings,0.304,0.415,0.404,0.455,0.12,99.6323224,,0.096,0.0,,4.63,1.3,0.5714285714285714,0.62,0.0
2026-05-01,807712,Luke Keaschall,MIN,hit,probable_recent,6,NO,2026-05-02T03:04:41.848541+00:00,0,0.0,0.5886,+1,0.5,0.9901,-0.4015,DraftKings,0.227,0.268,0.228,0.297,0.133,95.5153804,,0.023,0.0,,5.9,1.09,0.5714285714285714,0.38,0.0
2026-05-01,808975,Hyeseong Kim,LAD,hit,probable_recent,7,LEAN,2026-05-02T03:04:41.838323+00:00,1,1.0,0.6456,+1,0.5,0.9901,-0.3445,DraftKings,0.291,0.346,0.214,0.524,0.221,95.533600952,,0.032,0.0,,5.82,2.0,0.5714285714285714,0.62,0.0
2026-05-01,808982,Jung Hoo Lee,SF,hit,official,7,LEAN,2026-05-02T03:04:41.838323+00:00,1,1.0,0.6386,,,,,,0.291,0.327,0.354,0.365,0.149,97.7034225,,0.025,0.0,,4.36,0.31,0.5714285714285714,0.62,0.0
2026-05-01,810938,Ben Williamson,TB,hit,official,5,LEAN,2026-05-02T03:04:41.843118+00:00,0,0.0,0.6236,,,,,,0.309,0.544,0.0,0.0,0.0,0.0,,0.0,0.0,,4.51,1.59,0.5714285714285714,0.38,0.0
2026-05-04,502671,Paul Goldschmidt,NYY,hit,official,6,LEAN,2026-05-04T22:36:08.623649+00:00,1,1.0,0.6381,+1,0.5,0.9901,-0.352,DraftKings,0.274,0.393,0.481,0.37,0.157,101.457765,89.8,0.122,0.0,0.0,4.09,0.79,0.5714285714285714,0.38,0.0
2026-05-04,514888,Jose Altuve,HOU,hit,probable_recent,5,NO,2026-05-04T22:36:08.627238+00:00,1,1.0,0.6197,+1,0.5,0.9901,-0.3704,DraftKings,0.254,0.321,0.356,0.317,0.229,97.893745102,85.8,0.049,0.0,0.0,3.98,0.96,0.5714285714285714,0.38,0.0
2026-05-04,518595,Travis d'Arnaud,LAA,hit,probable_recent,9,NO,2026-05-04T22:36:08.629246+00:00,1,2.0,0.5974,+1,0.5,0.9901,-0.3927,DraftKings,0.193,0.301,0.292,0.333,0.286,96.377093333,86.6,0.086,0.0,0.0,4.53,0.49,0.5714285714285714,0.38,0.0
2026-05-04,518692,Freddie Freeman,LAD,hit,probable_recent,2,YES,2026-05-04T22:36:08.622776+00:00,1,2.0,0.6545,+2,0.5,0.9804,-0.3259,DraftKings,0.298,0.382,0.482,0.366,0.197,101.636019643,92.1,0.099,0.0,0.0,4.44,1.2,0.5714285714285714,0.62,0.0
2026-05-04,521692,Salvador Perez,KC,hit,official,4,LEAN,2026-05-04T22:36:08.625494+00:00,1,1.0,0.6322,+1,0.5,0.9901,-0.3579,DraftKings,0.221,0.284,0.408,0.32,0.256,100.171354423,87.8,0.072,0.0,0.0,4.27,1.27,0.5714285714285714,0.38,0.0
2026-05-04,543760,Marcus Semien,NYM,hit,official,6,NO,2026-05-04T22:36:08.627238+00:00,0,0.0,0.6225,+2,0.5,0.9804,-0.3579,DraftKings,0.231,0.283,0.33,0.34,0.236,96.722238936,85.9,0.045,0.0,0.0,5.53,1.41,0.5714285714285714,0.38,0.0
2026-05-04,543877,Christian Vázquez,HOU,hit,probable_recent,9,NO,2026-05-05T21:51:30.926500+00:00,0,0.0,0.5987,,,,,,0.219,0.254,0.271,0.271,0.174,96.364202083,87.2,0.016,0.0,0.0,4.22,1.03,0.5714285714285714,0.38,0.0
2026-05-04,545361,Mike Trout,LAA,hit,probable_recent,2,YES,2026-05-04T22:36:08.623649+00:00,0,0.0,0.6485,+1,0.5,0.9901,-0.3416,DraftKings,0.283,0.464,0.506,0.373,0.213,104.434245366,92.5,0.127,0.0,0.0,4.53,0.49,0.5714285714285714,0.38,0.0
2026-05-04,547180,Bryce Harper,PHI,hit,official,3,LEAN,2026-05-04T22:36:08.625494+00:00,1,3.0,0.6309,+1,0.5,0.9901,-0.3592,DraftKings,0.266,0.389,0.396,0.347,0.276,100.790932745,88.5,0.097,0.0,0.0,3.51,0.55,0.5714285714285714,0.62,0.0
2026-05-04,571970,Max Muncy,LAD,hit,probable_recent,5,YES,2026-05-04T22:36:08.620766+00:00,0,0.0,0.6562,+1,0.5,0.9901,-0.3339,DraftKings,0.306,0.426,0.543,0.358,0.274,102.507127073,92.3,0.11,0.0,0.0,4.44,1.2,0.5714285714285714,0.62,0.0
2026-05-04,572233,Christian Walker,HOU,hit,probable_recent,4,LEAN,2026-05-05T21:51:30.923332+00:00,0,0.0,0.6368,,,,,,0.271,0.367,0.5,0.317,0.284,102.779460385,91.1,0.095,0.0,0.0,4.22,1.03,0.5714285714285714,0.38,0.0
2026-05-04,573262,Mike Yastrzemski,ATL,hit,probable_recent,9,NO,2026-05-04T22:36:08.629246+00:00,1,1.0,0.6084,+1,0.5,0.9901,-0.3817,DraftKings,0.218,0.258,0.37,0.288,0.253,98.550551667,89.4,0.018,0.0,0.0,3.77,0.95,0.5714285714285714,0.62,0.0
2026-05-04,575929,Willson Contreras,BOS,hit,official,2,YES,2026-05-04T22:36:08.623649+00:00,0,0.0,0.6507,,,,,,0.276,0.418,0.469,0.37,0.349,104.11975525,92.1,0.106,0.0,0.0,5.89,1.32,0.5714285714285714,0.38,0.0
2026-05-04,592450,Aaron Judge,NYY,hit,official,2,YES,2026-05-04T22:36:08.623649+00:00,1,2.0,0.6476,+1,0.5,0.9901,-0.3425,DraftKings,0.282,0.455,0.557,0.38,0.336,105.7390535,93.2,0.147,0.0,0.0,4.09,0.79,0.5714285714285714,0.38,0.0
2026-05-04,592518,Manny Machado,SD,hit,probable_recent,4,NO,2026-05-04T22:36:08.629246+00:00,0,0.0,0.6056,+1,0.5,0.9901,-0.3845,DraftKings,0.243,0.328,0.429,0.31,0.226,100.83817119,89.5,0.046,0.0,0.0,0.0,0.0,0.5714285714285714,0.38,0.0
2026-05-04,593428,Xander Bogaerts,SD,hit,probable_recent,5,NO,2026-05-04T22:36:08.629246+00:00,0,0.0,0.6109,+1,0.5,0.9901,-0.3792,DraftKings,0.277,0.35,0.378,0.327,0.211,100.037206939,88.3,0.052,0.0,0.0,0.0,0.0,0.5714285714285714,0.38,0.0
2026-05-04,596115,Trevor Story,BOS,hit,official,4,LEAN,2026-05-04T22:36:08.625494+00:00,1,1.0,0.6308,,,,,,0.225,0.258,0.418,0.33,0.292,99.234831556,88.9,0.022,0.0,0.0,5.89,1.32,0.5714285714285714,0.38,0.0
2026-05-04,596117,Garrett Stubbs,PHI,hit,official,8,LEAN,2026-05-04T22:36:08.625494+00:00,1,1.0,0.6274,+1,0.5,0.9901,-0.3627,DraftKings,0.268,0.272,0.455,0.182,0.087,99.189932,93.2,0.0,0.0,0.0,3.51,0.55,0.5714285714285714,0.62,0.0
2026-05-04,606192,Teoscar Hernández,LAD,hit,probable_recent,3,LEAN,2026-05-04T22:36:08.625494+00:00,1,1.0,0.6292,,,,,,0.246,0.325,0.447,0.329,0.318,100.576984474,90.7,0.066,0.0,0.0,4.44,1.2,0.5714285714285714,0.38,0.0
2026-05-04,607208,Trea Turner,PHI,hit,official,1,NO,2026-05-04T22:36:08.627238+00:00,0,0.0,0.6188,+1,0.5,0.9901,-0.3713,DraftKings,0.238,0.288,0.393,0.318,0.266,99.35421463,90.2,0.041,0.0,0.0,3.51,0.55,0.5714285714285714,0.38,0.0
2026-05-04,608070,José Ramírez,CLE,hit,official,3,YES,2026-05-04T22:36:08.620766+00:00,1,1.0,0.6554,,,,,,0.274,0.38,0.417,0.339,0.168,100.091243148,89.9,0.072,0.0,0.0,4.53,0.96,0.5714285714285714,0.55,0.0
2026-05-04,608324,Alex Bregman,CHC,hit,official,3,NO,2026-05-04T22:36:08.629246+00:00,1,1.0,0.6072,+2,0.5,0.9804,-0.3732,DraftKings,0.246,0.324,0.442,0.274,0.175,99.407123571,89.6,0.051,0.0,0.0,0.0,0.0,0.5714285714285714,0.38,0.0
2026-05-04,608348,Carson Kelly,CHC,hit,official,7,NO,2026-05-04T22:36:08.629246+00:00,0,0.0,0.6128,+1,0.5,0.9901,-0.3773,DraftKings,0.27,0.357,0.5,0.265,0.211,101.209091176,91.6,0.073,0.0,0.0,0.0,0.0,0.5714285714285714,0.38,0.0
2026-05-04,608701,Rob Refsnyder,SEA,hit,probable_recent,5,NO,2026-05-05T21:51:30.926500+00:00,1,1.0,0.6138,,,,,,0.194,0.298,0.406,0.281,0.211,99.817989375,87.8,0.064,0.0,0.0,5.13,2.08,0.5714285714285714,0.38,0.0
2026-05-04,609280,Miguel Andujar,SD,hit,probable_recent,2,NO,2026-05-04T22:36:08.629246+00:00,0,0.0,0.6083,+1,0.5,0.9901,-0.3818,DraftKings,0.25,0.287,0.415,0.292,0.179,100.001880303,88.9,0.036,0.0,0.0,0.0,0.0,0.5714285714285714,0.38,0.0
2026-05-04,620443,Luis Torrens,NYM,hit,official,9,LEAN,2026-05-04T22:36:08.623649+00:00,1,1.0,0.6413,,,,,,0.247,0.264,0.556,0.37,0.286,100.704525385,90.0,0.0,0.0,0.0,5.53,1.41,0.5714285714285714,0.38,0.0
2026-05-04,621020,Dansby Swanson,CHC,hit,official,9,NO,2026-05-04T22:36:08.629246+00:00,0,0.0,0.604,+1,0.5,0.9901,-0.3861,DraftKings,0.235,0.355,0.488,0.354,0.292,100.613750976,90.5,0.075,0.0,0.0,0.0,0.0,0.5714285714285714,0.38,0.0
2026-05-04,621043,Carlos Correa,HOU,hit,probable_recent,1,LEAN,2026-05-04T22:36:08.623649+00:00,0,0.0,0.6419,+1,0.5,0.9901,-0.3482,DraftKings,0.298,0.375,0.406,0.365,0.217,101.799887292,89.1,0.073,0.0,0.0,3.98,0.96,0.5714285714285714,0.38,0.0
2026-05-04,621566,Matt Olson,ATL,hit,probable_recent,4,LEAN,2026-05-04T22:36:08.623649+00:00,1,1.0,0.6391,+1,0.5,0.9901,-0.351,DraftKings,0.261,0.397,0.51,0.346,0.252,104.984532115,93.1,0.12,0.0,0.0,3.77,0.95,0.5714285714285714,0.62,0.0
2026-05-04,622761,Jorge Mateo,ATL,hit,probable_recent,8,LEAN,2026-05-04T22:36:08.627238+00:00,1,1.0,0.6256,+1,0.5,0.9901,-0.3645,DraftKings,0.244,0.306,0.5,0.385,0.34,103.14768,92.7,0.091,0.0,0.0,3.77,0.95,0.5714285714285714,0.38,0.0
2026-05-04,624413,Pete Alonso,BAL,hit,official,4,NO,2026-05-04T22:36:08.627238+00:00,1,1.0,0.621,+1,0.5,0.9901,-0.3691,DraftKings,0.237,0.353,0.567,0.322,0.273,103.16058,95.3,0.068,0.0,0.0,2.38,0.22,0.5714285714285714,0.38,0.0
2026-05-04,624585,Jorge Soler,LAA,hit,probable_recent,4,LEAN,2026-05-04T22:36:08.627238+00:00,0,0.0,0.624,+1,0.5,0.9901,-0.3661,DraftKings,0.222,0.328,0.44,0.373,0.349,101.099031316,88.5,0.067,0.0,0.0,4.53,0.49,0.5714285714285714,0.38,0.0
2026-05-04,630105,Jake Cronenworth,SD,hit,probable_recent,9,NO,2026-05-04T22:36:08.629246+00:00,0,0.0,0.5902,+1,0.5,0.9901,-0.3999,DraftKings,0.222,0.306,0.333,0.292,0.24,98.462801143,87.6,0.036,0.0,0.0,0.0,0.0,0.5714285714285714,0.62,0.0
2026-05-04,641343,Jake Bauers,MIL,hit,official,5,YES,2026-05-04T22:36:08.623649+00:00,1,1.0,0.6483,+1,0.5,0.9901,-0.3418,DraftKings,0.254,0.328,0.529,0.271,0.255,103.105237442,92.6,0.065,0.0,0.0,6.01,1.84,0.5714285714285714,0.62,0.0
2026-05-04,641355,Cody Bellinger,NYY,hit,official,3,LEAN,2026-05-04T22:36:08.623649+00:00,1,1.0,0.6428,+1,0.5,0.9901,-0.3473,DraftKings,0.281,0.369,0.402,0.392,0.19,99.044769412,89.2,0.056,0.0,0.0,4.09,0.79,0.5714285714285714,0.62,0.0
2026-05-04,641487,J.P. Crawford,SEA,hit,probable_recent,5,LEAN,2026-05-04T22:36:08.623649+00:00,1,1.0,0.6385,+1,0.5,0.9901,-0.3516,DraftKings,0.265,0.376,0.373,0.373,0.164,99.319140556,89.2,0.061,0.0,0.0,4.78,2.19,0.5714285714285714,0.62,0.0
2026-05-04,641598,Mitch Garver,SEA,hit,probable_recent,8,NO,2026-05-05T21:51:30.926500+00:00,0,0.0,0.6135,,,,,,0.182,0.304,0.536,0.179,0.344,102.105703571,91.1,0.038,0.0,0.0,5.13,2.08,0.5714285714285714,0.38,0.0
2026-05-04,641857,Ryan McMahon,NYY,hit,official,8,LEAN,2026-05-04T22:36:08.627238+00:00,1,1.0,0.6241,+1,0.5,0.9901,-0.366,DraftKings,0.215,0.298,0.538,0.308,0.325,101.491672308,92.0,0.067,0.0,0.0,4.09,0.79,0.5714285714285714,0.62,0.0
2026-05-04,642201,Eli White,ATL,hit,probable_recent,6,NO,2026-05-04T22:36:08.629246+00:00,1,1.0,0.6107,+2,0.5,0.9804,-0.3697,BetMGM,0.242,0.271,0.268,0.39,0.265,95.9318105,86.0,0.057,0.0,0.0,3.77,0.95,0.5714285714285714,0.38,0.0
2026-05-04,642715,Willy Adames,SF,hit,probable_recent,6,NO,2026-05-04T22:36:08.627238+00:00,1,1.0,0.6187,+1,0.5,0.9901,-0.3714,DraftKings,0.209,0.266,0.4,0.344,0.266,99.012797333,88.7,0.057,0.0,0.0,5.08,0.8,0.5714285714285714,0.38,0.0
2026-05-04,643217,Andrew Benintendi,CWS,hit,probable_recent,6,LEAN,2026-05-05T21:51:30.923332+00:00,1,4.0,0.6411,,,,,,0.247,0.305,0.565,0.42,0.341,99.565393824,89.4,0.071,0.0,0.0,3.89,0.96,0.5714285714285714,0.62,0.0
2026-05-04,643289,Mauricio Dubón,ATL,hit,probable_recent,1,NO,2026-05-04T22:36:08.627238+00:00,0,0.0,0.6219,,,,,,0.256,0.311,0.303,0.354,0.177,97.0439538,87.2,0.046,0.0,0.0,3.77,0.95,0.5714285714285714,0.38,0.0
2026-05-04,645277,Ozzie Albies,ATL,hit,probable_recent,3,LEAN,2026-05-04T22:36:08.627238+00:00,1,1.0,0.625,+1,0.5,0.9901,-0.3651,DraftKings,0.267,0.32,0.289,0.364,0.229,97.212467213,86.9,0.033,0.0,0.0,3.77,0.95,0.5714285714285714,0.55,0.0
2026-05-04,646240,Rafael Devers,SF,hit,probable_recent,2,LEAN,2026-05-04T22:36:08.625494+00:00,1,1.0,0.6291,+1,0.5,0.9901,-0.361,DraftKings,0.214,0.263,0.427,0.315,0.317,101.035970682,89.5,0.05,0.0,0.0,5.08,0.8,0.5714285714285714,0.62,0.0
2026-05-04,647304,Josh Naylor,SEA,hit,probable_recent,3,LEAN,2026-05-04T22:36:08.625494+00:00,1,2.0,0.6345,+1,0.5,0.9901,-0.3556,DraftKings,0.254,0.313,0.373,0.333,0.236,98.260973922,87.3,0.051,0.0,0.0,4.78,2.19,0.5714285714285714,0.62,0.0
2026-05-04,650333,Luis Arraez,SF,hit,probable_recent,4,LEAN,2026-05-04T22:36:08.623649+00:00,1,2.0,0.6375,+2,0.5,0.9804,-0.3429,DraftKings,0.3,0.307,0.195,0.359,0.082,93.857273016,86.9,0.0,0.0,0.0,5.08,0.8,0.5714285714285714,0.62,0.0
2026-05-04,650489,Willi Castro,COL,hit,official,5,NO,2026-05-04T22:36:08.629246+00:00,1,1.0,0.6058,+2,0.5,0.9804,-0.3746,DraftKings,0.21,0.274,0.439,0.281,0.319,100.397231724,89.0,0.041,0.0,0.0,2.75,0.57,0.5714285714285714,0.55,0.0
2026-05-04,650490,Yandy Díaz,TB,hit,official,4,YES,2026-05-04T22:36:08.623649+00:00,0,0.0,0.6522,,,,,,0.312,0.381,0.45,0.287,0.138,102.099714706,90.3,0.044,0.0,0.0,5.49,2.33,0.5714285714285714,0.38,0.0
2026-05-04,650859,Luis Rengifo,MIL,hit,official,8,LEAN,2026-05-04T22:36:08.625494+00:00,1,1.0,0.6299,+1,0.5,0.9901,-0.3602,DraftKings,0.233,0.286,0.368,0.31,0.174,98.252687907,87.4,0.056,0.0,0.0,6.01,1.84,0.5714285714285714,0.55,0.0
2026-05-04,655316,Andruw Monasterio,BOS,hit,official,9,YES,2026-05-04T22:36:08.623649+00:00,1,1.0,0.6504,,,,,,0.277,0.342,0.459,0.459,0.183,99.219497778,90.9,0.059,0.0,0.0,5.89,1.32,0.5714285714285714,0.38,0.0
2026-05-04,656537,Derek Hill,CWS,hit,probable_recent,8,NO,2026-05-05T21:51:30.926500+00:00,0,0.0,0.6173,,,,,,0.257,0.323,0.32,0.4,0.314,97.168822,86.4,0.044,0.0,0.0,3.89,0.96,0.5714285714285714,0.38,0.0
2026-05-04,656555,Rhys Hoskins,CLE,hit,official,4,LEAN,2026-05-04T22:36:08.625494+00:00,0,0.0,0.6315,+1,0.5,0.9901,-0.3586,DraftKings,0.187,0.312,0.479,0.354,0.32,100.454369583,90.5,0.053,0.0,0.0,4.53,0.96,0.5714285714285714,0.38,0.0
2026-05-04,656582,Connor Joe,SEA,hit,probable_recent,7,LEAN,2026-05-04T22:36:08.623649+00:00,0,0.0,0.6448,,,,,,0.253,0.351,0.538,0.462,0.211,102.579714286,94.7,0.095,0.0,0.0,4.78,2.19,0.5714285714285714,0.38,0.0
2026-05-04,656941,Kyle Schwarber,PHI,hit,official,2,LEAN,2026-05-04T22:36:08.625494+00:00,0,0.0,0.6272,+1,0.5,0.9901,-0.3629,DraftKings,0.225,0.384,0.493,0.333,0.323,102.786765263,92.8,0.099,0.0,0.0,3.51,0.55,0.5714285714285714,0.62,0.0
2026-05-04,657041,Lane Thomas,KC,hit,official,6,LEAN,2026-05-04T22:36:08.623649+00:00,0,0.0,0.6386,+1,0.5,0.9901,-0.3515,DraftKings,0.237,0.331,0.396,0.396,0.201,97.87527375,85.6,0.013,0.0,0.0,4.27,1.27,0.5714285714285714,0.38,0.0
2026-05-04,657656,Ramón Laureano,SD,hit,probable_recent,1,NO,2026-05-04T22:36:08.629246+00:00,1,1.0,0.6093,,,,,,0.236,0.319,0.45,0.338,0.295,100.7633585,89.3,0.083,0.0,0.0,0.0,0.0,0.5714285714285714,0.38,0.0
2026-05-04,657757,Gavin Sheets,SD,hit,probable_recent,6,NO,2026-05-05T21:51:30.926500+00:00,0,0.0,0.6169,,,,,,0.239,0.311,0.443,0.329,0.199,100.387316571,89.1,0.071,0.0,0.0,2.43,1.29,0.5714285714285714,0.62,0.0
2026-05-04,660162,Yoán Moncada,LAA,hit,probable_recent,5,NO,2026-05-05T21:51:30.926500+00:00,0,0.0,0.6056,,,,,,0.163,0.277,0.415,0.34,0.291,100.703179231,90.1,0.046,0.0,0.0,4.22,0.41,0.5714285714285714,0.55,0.0
2026-05-04,660271,Shohei Ohtani,LAD,hit,probable_recent,1,NO,2026-05-04T22:36:08.629246+00:00,0,0.0,0.61,+2,0.5,0.9804,-0.3704,DraftKings,0.183,0.239,0.378,0.203,0.314,75.3,87.3,0.017,0.0,0.0,4.44,1.2,0.5714285714285714,0.62,0.0
2026-05-04,660821,Jesús Sánchez,TOR,hit,official,4,LEAN,2026-05-04T22:36:08.623649+00:00,1,1.0,0.6444,,,,,,0.288,0.338,0.506,0.31,0.232,102.094991364,93.2,0.061,0.0,0.0,3.85,0.73,0.5714285714285714,0.62,0.0
2026-05-04,660844,Leo Rivas,SEA,hit,probable_recent,9,NO,2026-05-04T22:36:08.631250+00:00,0,0.0,0.5867,+1,0.5,0.9901,-0.4034,DraftKings,0.155,0.245,0.13,0.352,0.24,93.389315926,86.4,1.0,0.0,0.0,4.78,2.19,0.5714285714285714,0.55,0.0
2026-05-04,661388,William Contreras,MIL,hit,official,4,YES,2026-05-04T22:36:08.623649+00:00,1,1.0,0.648,+2,0.5,0.9804,-0.3324,DraftKings,0.288,0.351,0.431,0.284,0.149,100.786190182,89.8,0.058,0.0,0.0,6.01,1.84,0.5714285714285714,0.38,0.0
2026-05-04,662139,Daulton Varsho,TOR,hit,official,6,LEAN,2026-05-04T22:36:08.627238+00:00,0,0.0,0.6234,+1,0.5,0.9901,-0.3667,BetMGM,0.251,0.311,0.341,0.352,0.202,97.849396667,85.4,0.049,0.0,0.0,3.85,0.73,0.5714285714285714,0.62,0.0
2026-05-04,663330,Jahmai Jones,DET,hit,official,1,LEAN,2026-05-04T22:36:08.623649+00:00,0,0.0,0.6392,+2,0.5,0.9804,-0.3412,BetMGM,0.295,0.384,0.56,0.4,0.27,103.345804615,93.7,0.128,0.0,0.0,1.8,0.84,0.5714285714285714,0.38,0.0
2026-05-04,663538,Nico Hoerner,CHC,hit,official,1,NO,2026-05-04T22:36:08.627238+00:00,1,1.0,0.6178,+2,0.5,0.9804,-0.3626,DraftKings,0.297,0.343,0.264,0.405,0.104,95.9697505,86.4,0.02,0.0,0.0,0.0,0.0,0.5714285714285714,0.38,0.0
2026-05-04,663586,Austin Riley,ATL,hit,probable_recent,5,NO,2026-05-04T22:36:08.629246+00:00,1,2.0,0.6095,+1,0.5,0.9901,-0.3806,DraftKings,0.21,0.292,0.457,0.266,0.343,101.476584681,90.7,0.054,0.0,0.0,3.77,0.95,0.5714285714285714,0.38,0.0
2026-05-04,663647,Ke'Bryan Hayes,CIN,hit,official,9,NO,2026-05-04T22:36:08.627238+00:00,1,1.0,0.6174,+1,0.5,0.9901,-0.3727,DraftKings,0.237,0.307,0.414,0.371,0.209,100.064161515,91.8,0.089,0.0,0.0,3.79,0.76,0.5714285714285714,0.38,0.0
2026-05-04,663656,Kyle Tucker,LAD,hit,probable_recent,4,LEAN,2026-05-04T22:36:08.625494+00:00,1,2.0,0.6328,+1,0.5,0.9901,-0.3573,DraftKings,0.236,0.316,0.42,0.38,0.229,98.9184674,89.3,0.048,0.0,0.0,4.44,1.2,0.5714285714285714,0.62,0.0
2026-05-04,663743,Nick Fortes,TB,hit,official,8,LEAN,2026-05-04T22:36:08.623649+00:00,1,1.0,0.6362,+1,0.5,0.9901,-0.3539,DraftKings,0.275,0.3,0.425,0.274,0.149,100.755563889,87.4,0.011,0.0,0.0,5.49,2.33,0.5714285714285714,0.38,0.0
2026-05-04,663757,Trent Grisham,NYY,hit,official,1,LEAN,2026-05-04T22:36:08.623649+00:00,1,2.0,0.6362,+1,0.5,0.9901,-0.3539,DraftKings,0.235,0.365,0.518,0.282,0.159,101.503458837,91.8,0.094,0.0,0.0,4.09,0.79,0.5714285714285714,0.62,0.0
2026-05-04,663837,Matt Vierling,DET,hit,official,2,NO,2026-05-04T22:36:08.629246+00:00,0,0.0,0.6097,+1,0.5,0.9901,-0.3804,BetMGM,0.246,0.286,0.379,0.345,0.178,98.559441724,87.8,0.026,0.0,0.0,1.8,0.84,0.5714285714285714,0.38,0.0
2026-05-04,663886,Tyler Stephenson,CIN,hit,official,7,LEAN,2026-05-04T22:36:08.627238+00:00,1,1.0,0.6241,+1,0.5,0.9901,-0.366,DraftKings,0.225,0.343,0.545,0.345,0.267,101.382855556,93.5,0.086,0.0,0.0,3.79,0.76,0.5714285714285714,0.38,0.0
2026-05-04,663993,Nathaniel Lowe,CIN,hit,official,5,YES,2026-05-04T22:36:08.620766+00:00,0,0.0,0.6552,+1,0.5,0.9901,-0.3349,DraftKings,0.29,0.391,0.521,0.5,0.206,102.291442174,91.3,0.101,0.0,0.0,3.79,0.76,0.5714285714285714,0.62,0.0
2026-05-04,664023,Ian Happ,CHC,hit,official,4,NO,2026-05-04T22:36:08.629246+00:00,0,0.0,0.5988,+1,0.5,0.9901,-0.3913,DraftKings,0.214,0.359,0.4,0.338,0.344,101.27487425,89.3,0.082,0.0,0.0,0.0,0.0,0.5714285714285714,0.55,0.0
2026-05-04,664702,Myles Straw,TOR,hit,official,7,LEAN,2026-05-04T22:36:08.625494+00:00,1,1.0,0.6329,+1,0.5,0.9901,-0.3572,DraftKings,0.322,0.366,0.298,0.34,0.103,97.668386364,88.5,0.051,0.0,0.0,3.85,0.73,0.5714285714285714,0.38,0.0
2026-05-04,664761,Alec Bohm,PHI,hit,official,7,NO,2026-05-04T22:36:08.629246+00:00,0,0.0,0.6102,+1,0.5,0.9901,-0.3799,DraftKings,0.217,0.27,0.378,0.378,0.182,98.828244898,88.9,0.8,0.0,0.0,3.51,0.55,0.5714285714285714,0.38,0.0
2026-05-04,665487,Fernando Tatis Jr.,SD,hit,probable_recent,2,LEAN,2026-05-05T21:51:30.923332+00:00,0,0.0,0.6394,,,,,,0.276,0.352,0.609,0.38,0.314,105.680288043,93.0,0.084,0.0,0.0,2.43,1.29,0.5714285714285714,0.38,0.0
2026-05-04,665489,Vladimir Guerrero Jr.,TOR,hit,official,3,LEAN,2026-05-04T22:36:08.623649+00:00,1,1.0,0.6447,+1,0.5,0.9901,-0.3454,BetMGM,0.317,0.382,0.45,0.321,0.205,103.065968182,91.6,0.083,0.0,0.0,3.85,0.73,0.5714285714285714,0.38,0.0
2026-05-04,665742,Juan Soto,NYM,hit,official,1,YES,2026-05-04T22:36:08.620766+00:00,0,0.0,0.6656,+1,0.5,0.9901,-0.3245,DraftKings,0.301,0.431,0.509,0.386,0.213,103.569737143,92.7,0.159,0.0,0.0,5.53,1.41,0.5714285714285714,0.62,0.0
2026-05-04,665750,Leody Taveras,BAL,hit,official,6,NO,2026-05-04T22:36:08.627238+00:00,1,1.0,0.6191,+1,0.5,0.9901,-0.371,DraftKings,0.261,0.357,0.357,0.429,0.26,98.817803929,87.3,0.035,0.0,0.0,2.38,0.22,0.5714285714285714,0.55,0.0
2026-05-04,665862,Jazz Chisholm Jr.,NYY,hit,official,5,NO,2026-05-04T22:36:08.629246+00:00,1,1.0,0.6103,+1,0.5,0.9901,-0.3798,DraftKings,0.203,0.281,0.398,0.241,0.296,99.81328275,89.6,0.037,0.0,0.0,4.09,0.79,0.5714285714285714,0.62,0.0
2026-05-04,665926,Andrés Giménez,TOR,hit,official,8,NO,2026-05-04T22:36:08.629246+00:00,1,1.0,0.6021,,,,,,0.224,0.255,0.271,0.25,0.213,96.000346383,86.0,0.025,0.0,0.0,3.85,0.73,0.5714285714285714,0.62,0.0
2026-05-04,665966,Carlos Narváez,BOS,hit,official,8,LEAN,2026-05-04T22:36:08.625494+00:00,0,0.0,0.6302,,,,,,0.216,0.266,0.449,0.388,0.266,99.967794167,92.6,0.068,0.0,0.0,5.89,1.32,0.5714285714285714,0.38,0.0
2026-05-04,666018,Jonathan Aranda,TB,hit,official,5,LEAN,2026-05-04T22:36:08.623649+00:00,1,3.0,0.6407,+1,0.5,0.9901,-0.3494,BetMGM,0.242,0.35,0.402,0.414,0.236,99.538117727,89.8,0.063,0.0,0.0,5.49,2.33,0.5714285714285714,0.62,0.0
2026-05-04,666023,Freddy Fermin,SD,hit,probable_recent,8,NO,2026-05-04T22:36:08.631250+00:00,0,0.0,0.5779,+1,0.5,0.9901,-0.4122,DraftKings,0.195,0.282,0.341,0.293,0.282,96.866155714,87.2,0.0,0.0,0.0,0.0,0.0,0.5714285714285714,0.38,0.0
2026-05-04,666139,Josh Lowe,LAA,hit,probable_recent,6,NO,2026-05-04T22:36:08.629246+00:00,0,0.0,0.605,+1,0.5,0.9901,-0.3851,DraftKings,0.186,0.254,0.317,0.302,0.258,96.892684194,87.6,0.052,0.0,0.0,4.53,0.49,0.5714285714285714,0.62,0.0
2026-05-04,666152,David Hamilton,MIL,hit,official,9,NO,2026-05-04T22:36:08.627238+00:00,0,0.0,0.6184,+1,0.5,0.9901,-0.3717,DraftKings,0.23,0.305,0.273,0.194,0.2,96.444763704,84.6,0.02,0.0,0.0,6.01,1.84,0.5714285714285714,0.62,0.0
2026-05-04,666160,Mickey Moniak,COL,hit,official,1,LEAN,2026-05-04T22:36:08.627238+00:00,1,2.0,0.6242,+2,0.5,0.9804,-0.3562,DraftKings,0.248,0.354,0.425,0.329,0.284,100.382055946,90.3,0.103,0.0,0.0,2.75,0.57,0.5714285714285714,0.62,0.0
2026-05-04,666176,Jo Adell,LAA,hit,probable_recent,5,LEAN,2026-05-04T22:36:08.625494+00:00,1,1.0,0.6316,+1,0.5,0.9901,-0.3585,DraftKings,0.267,0.311,0.45,0.279,0.247,101.560483455,90.2,0.04,0.0,0.0,4.53,0.49,0.5714285714285714,0.38,0.0
2026-05-04,666181,Will Benson,CIN,hit,official,8,NO,2026-05-04T22:36:08.629246+00:00,1,1.0,0.5959,+1,0.5,0.9901,-0.3942,DraftKings,0.176,0.287,0.344,0.313,0.346,99.477388667,90.4,0.07,0.0,0.0,3.79,0.76,0.5714285714285714,0.62,0.0
2026-05-04,666182,Bo Bichette,NYM,hit,official,2,YES,2026-05-04T22:36:08.623649+00:00,0,0.0,0.6521,+1,0.5,0.9901,-0.338,BetMGM,0.289,0.319,0.478,0.327,0.197,101.628471754,91.8,0.027,0.0,0.0,5.53,1.41,0.5714285714285714,0.38,0.0
2026-05-04,666310,Bo Naylor,CLE,hit,official,8,LEAN,2026-05-04T22:36:08.623649+00:00,0,0.0,0.6354,+1,0.5,0.9901,-0.3547,DraftKings,0.215,0.294,0.396,0.345,0.153,99.685873929,89.4,0.075,0.0,0.0,4.53,0.96,0.5714285714285714,0.62,0.0
2026-05-04,666624,Christopher Morel,MIA,hit,official,6,LEAN,2026-05-04T22:36:08.623649+00:00,1,1.0,0.637,+1,0.5,0.9901,-0.3531,DraftKings,0.256,0.311,0.571,0.286,0.412,102.6049875,0.0,0.0,0.0,0.0,4.85,1.72,0.5714285714285714,0.38,0.0
2026-05-04,666969,Adolis García,PHI,hit,official,4,LEAN,2026-05-04T22:36:08.625494+00:00,1,2.0,0.6309,,,,,,0.254,0.326,0.512,0.36,0.295,101.50532907,92.9,0.06,0.0,0.0,3.51,0.55,0.5714285714285714,0.38,0.0
2026-05-04,668227,Randy Arozarena,SEA,hit,probable_recent,4,LEAN,2026-05-04T22:36:08.623649+00:00,1,1.0,0.635,+1,0.5,0.9901,-0.3551,DraftKings,0.256,0.332,0.419,0.387,0.261,100.331125957,90.6,0.041,0.0,0.0,4.78,2.19,0.5714285714285714,0.38,0.0
2026-05-04,668709,JJ Bleday,CIN,hit,official,2,YES,2026-05-04T22:36:08.620766+00:00,1,1.0,0.6811,+1,0.5,0.9901,-0.309,DraftKings,0.445,0.544,0.538,0.769,0.308,103.884871429,94.5,0.05,0.0,0.0,3.79,0.76,0.5714285714285714,0.62,0.0
2026-05-04,668715,Spencer Steer,CIN,hit,official,6,LEAN,2026-05-04T22:36:08.625494+00:00,1,2.0,0.6289,+1,0.5,0.9901,-0.3612,DraftKings,0.262,0.374,0.408,0.421,0.254,100.481983889,90.3,0.108,0.0,0.0,3.79,0.76,0.5714285714285714,0.38,0.0
2026-05-04,668723,Ryan Vilade,TB,hit,official,3,LEAN,2026-05-04T22:36:08.627238+00:00,1,1.0,0.6233,+1,0.5,0.9901,-0.3668,BetMGM,0.228,0.258,0.281,0.375,0.213,97.50552125,88.9,0.0,0.0,0.0,5.49,2.33,0.5714285714285714,0.38,0.0
2026-05-04,668901,Mark Vientos,NYM,hit,official,4,LEAN,2026-05-04T22:36:08.623649+00:00,1,1.0,0.6372,+2,0.5,0.9804,-0.3432,DraftKings,0.25,0.317,0.429,0.365,0.313,100.313525,89.3,0.055,0.0,0.0,5.53,1.41,0.5714285714285714,0.38,0.0
2026-05-04,668930,Brice Turang,MIL,hit,official,3,YES,2026-05-04T22:36:08.620766+00:00,1,3.0,0.6675,+2,0.5,0.9804,-0.3129,DraftKings,0.292,0.419,0.518,0.422,0.181,102.474860732,92.7,0.065,0.0,0.0,6.01,1.84,0.5714285714285714,0.62,0.0
2026-05-04,668939,Adley Rutschman,BAL,hit,official,2,NO,2026-05-04T22:36:08.627238+00:00,1,1.0,0.6217,+1,0.5,0.9901,-0.3684,DraftKings,0.24,0.301,0.443,0.344,0.122,99.310944516,88.6,0.053,0.0,0.0,2.38,0.22,0.5714285714285714,0.55,0.0
2026-05-04,669003,Garrett Mitchell,MIL,hit,official,1,LEAN,2026-05-04T22:36:08.623649+00:00,0,0.0,0.6367,+1,0.5,0.9901,-0.3534,DraftKings,0.213,0.339,0.451,0.314,0.396,103.6975104,90.0,0.061,0.0,0.0,6.01,1.84,0.5714285714285714,0.62,0.0
2026-05-04,669004,MJ Melendez,NYM,hit,official,3,LEAN,2026-05-04T22:36:08.623649+00:00,0,0.0,0.6437,+2,0.5,0.9804,-0.3367,DraftKings,0.203,0.288,0.636,0.318,0.333,104.085737273,97.0,0.077,0.0,0.0,5.53,1.41,0.5714285714285714,0.62,0.0
2026-05-04,669016,Brandon Marsh,PHI,hit,official,5,LEAN,2026-05-04T22:36:08.623649+00:00,1,1.0,0.6466,+1,0.5,0.9901,-0.3435,DraftKings,0.281,0.333,0.5,0.44,0.197,100.800806429,91.1,0.044,0.0,0.0,3.51,0.55,0.5714285714285714,0.62,0.0
2026-05-04,669065,Kyle Stowers,MIA,hit,official,2,LEAN,2026-05-04T22:36:08.623649+00:00,1,2.0,0.646,+1,0.5,0.9901,-0.3441,DraftKings,0.251,0.305,0.576,0.273,0.292,100.531080588,91.4,0.019,0.0,0.0,4.85,1.72,0.5714285714285714,0.62,0.0
2026-05-04,669224,Austin Wells,NYY,hit,official,7,LEAN,2026-05-04T22:36:08.627238+00:00,0,0.0,0.6255,+1,0.5,0.9901,-0.3646,DraftKings,0.235,0.328,0.484,0.274,0.251,101.161156667,91.6,0.031,0.0,0.0,4.09,0.79,0.5714285714285714,0.62,0.0
2026-05-04,669236,Jeremiah Jackson,BAL,hit,official,8,NO,2026-05-04T22:36:08.629246+00:00,1,1.0,0.6036,+1,0.5,0.9901,-0.3865,DraftKings,0.254,0.3,0.357,0.31,0.288,100.095414286,88.8,0.063,0.0,0.0,2.38,0.22,0.5714285714285714,0.38,0.0
2026-05-04,669257,Will Smith,LAD,hit,probable_recent,3,LEAN,2026-05-05T21:51:30.923332+00:00,1,3.0,0.6431,,,,,,0.277,0.372,0.378,0.427,0.153,99.780737317,89.1,0.107,0.0,0.0,4.93,1.15,0.5714285714285714,0.38,0.0
2026-05-04,669357,Nolan Gorman,STL,hit,official,5,LEAN,2026-05-04T22:36:08.627238+00:00,1,2.0,0.6242,+1,0.5,0.9901,-0.3659,DraftKings,0.213,0.295,0.438,0.375,0.328,100.43239525,88.0,0.056,0.0,0.0,4.27,0.64,0.5714285714285714,0.62,0.0
2026-05-04,669364,Xavier Edwards,MIA,hit,official,4,YES,2026-05-04T22:36:08.623649+00:00,1,1.0,0.6466,+2,0.5,0.9804,-0.3338,BetMGM,0.293,0.363,0.387,0.369,0.149,97.688189273,88.5,0.041,0.0,0.0,4.85,1.72,0.5714285714285714,0.55,0.0
2026-05-04,669477,Casey Schmitt,SF,hit,probable_recent,3,YES,2026-05-04T22:36:08.623649+00:00,1,1.0,0.6499,,,,,,0.285,0.37,0.458,0.41,0.223,101.017665366,89.1,0.115,0.0,0.0,5.08,0.8,0.5714285714285714,0.38,0.0
2026-05-04,670097,Zack Short,DET,hit,official,9,NO,2026-05-04T22:36:08.631250+00:00,0,0.0,0.5529,,,,,,0.0,0.0,0.0,0.0,0.0,0.0,0.0,0.0,0.0,0.0,1.8,0.84,0.5714285714285714,0.38,0.0
2026-05-04,670541,Yordan Alvarez,HOU,hit,probable_recent,2,YES,2026-05-04T22:36:08.620766+00:00,1,2.0,0.6721,+1,0.5,0.9901,-0.318,DraftKings,0.36,0.51,0.504,0.452,0.198,105.042131034,93.8,0.127,0.0,0.0,3.98,0.96,0.5714285714285714,0.62,0.0
2026-05-04,670623,Isaac Paredes,HOU,hit,probable_recent,3,NO,2026-05-04T22:36:08.629246+00:00,1,1.0,0.6133,+1,0.5,0.9901,-0.3768,DraftKings,0.239,0.314,0.267,0.344,0.178,96.370635333,87.6,0.024,0.0,0.0,3.98,0.96,0.5714285714285714,0.38,0.0
2026-05-04,670764,Taylor Walls,TB,hit,official,9,NO,2026-05-04T22:36:08.629246+00:00,1,1.0,0.5884,+1,0.5,0.9901,-0.4017,DraftKings,0.162,0.23,0.157,0.255,0.216,93.373537391,82.0,0.0,0.0,0.0,5.49,2.33,0.5714285714285714,0.55,0.0
2026-05-04,670770,TJ Friedl,CIN,hit,official,1,NO,2026-05-04T22:36:08.629246+00:00,0,0.0,0.6069,+1,0.5,0.9901,-0.3832,DraftKings,0.199,0.254,0.304,0.283,0.24,97.70895775,87.8,0.015,0.0,0.0,3.79,0.76,0.5714285714285714,0.62,0.0
2026-05-04,671056,Iván Herrera,STL,hit,official,2,LEAN,2026-05-04T22:36:08.625494+00:00,1,2.0,0.6343,,,,,,0.266,0.384,0.469,0.271,0.208,102.403194167,90.8,0.051,0.0,0.0,4.27,0.64,0.5714285714285714,0.38,0.0
2026-05-04,671218,Heliot Ramos,SF,hit,probable_recent,1,YES,2026-05-04T22:36:08.623649+00:00,1,1.0,0.6532,+1,0.5,0.9901,-0.3369,DraftKings,0.282,0.337,0.541,0.353,0.282,104.762292683,93.4,0.1,0.0,0.0,5.08,0.8,0.5714285714285714,0.38,0.0
2026-05-04,671289,Tyler Freeman,COL,hit,official,2,LEAN,2026-05-04T22:36:08.627238+00:00,0,0.0,0.624,+2,0.5,0.9804,-0.3564,BetMGM,0.297,0.35,0.315,0.315,0.128,97.98735,87.7,0.0,0.0,0.0,2.75,0.57,0.5714285714285714,0.38,0.0
2026-05-04,671739,Michael Harris II,ATL,hit,probable_recent,7,YES,2026-05-05T21:51:30.923332+00:00,0,0.0,0.6636,,,,,,0.34,0.439,0.575,0.299,0.267,106.058655581,95.2,0.14,0.0,0.0,4.77,1.64,0.5714285714285714,0.62,0.0
2026-05-04,671976,Tristan Peters,CWS,hit,probable_recent,7,NO,2026-05-04T22:36:08.629246+00:00,0,0.0,0.5989,+2,0.5,0.9804,-0.3815,BetMGM,0.231,0.28,0.232,0.304,0.271,97.60195,88.4,0.024,0.0,0.0,3.1,0.63,0.5714285714285714,0.62,0.0
2026-05-04,672284,Jarred Kelenic,CWS,hit,probable_recent,7,YES,2026-05-05T21:51:30.923332+00:00,1,3.0,0.6665,,,,,,0.378,0.476,0.5,0.4,0.313,103.289316,94.5,0.167,0.0,0.0,3.89,0.96,0.5714285714285714,0.62,0.0
2026-05-04,672580,Maikel Garcia,KC,hit,official,1,YES,2026-05-04T22:36:08.620766+00:00,0,0.0,0.6567,+2,0.5,0.9804,-0.3237,BetMGM,0.28,0.338,0.452,0.346,0.172,101.072037843,90.3,0.057,0.0,0.0,4.27,1.27,0.5714285714285714,0.38,0.0
2026-05-04,672640,Otto Lopez,MIA,hit,official,3,LEAN,2026-05-04T22:36:08.623649+00:00,1,1.0,0.645,+3,0.5,0.9709,-0.3259,DraftKings,0.294,0.346,0.467,0.295,0.23,101.905215385,91.5,0.071,0.0,0.0,4.85,1.72,0.5714285714285714,0.38,0.0
2026-05-04,672724,Oswald Peraza,LAA,hit,probable_recent,8,LEAN,2026-05-04T22:36:08.627238+00:00,0,0.0,0.6265,,,,,,0.265,0.326,0.343,0.418,0.322,99.609910313,87.7,0.059,0.0,0.0,4.53,0.49,0.5714285714285714,0.38,0.0
2026-05-04,672761,Wenceel Pérez,DET,hit,official,6,NO,2026-05-04T22:36:08.629246+00:00,0,0.0,0.6083,,,,,,0.232,0.321,0.46,0.28,0.143,98.7992368,90.1,0.082,0.0,0.0,1.8,0.84,0.5714285714285714,0.55,0.0
2026-05-04,672960,Kazuma Okamoto,TOR,hit,official,2,LEAN,2026-05-04T22:36:08.625494+00:00,1,1.0,0.631,+1,0.5,0.9901,-0.3591,BetMGM,0.242,0.359,0.518,0.337,0.321,103.857674524,93.0,0.094,0.0,0.0,3.85,0.73,0.5714285714285714,0.38,0.0
2026-05-04,673548,Seiya Suzuki,CHC,hit,official,5,LEAN,2026-05-04T22:36:08.625494+00:00,1,2.0,0.6266,+2,0.5,0.9804,-0.3538,DraftKings,0.283,0.37,0.464,0.464,0.248,101.738857857,90.6,0.054,0.0,0.0,0.0,0.0,0.5714285714285714,0.38,0.0
2026-05-04,676356,Jonny DeLuca,TB,hit,official,6,LEAN,2026-05-04T22:36:08.625494+00:00,1,1.0,0.6285,+1,0.5,0.9901,-0.3616,BetMGM,0.265,0.302,0.321,0.304,0.226,99.209095556,88.2,0.042,0.0,0.0,5.49,2.33,0.5714285714285714,0.38,0.0
2026-05-04,676391,Ernie Clement,TOR,hit,official,5,NO,2026-05-04T22:36:08.627238+00:00,1,1.0,0.6161,+1,0.5,0.9901,-0.374,DraftKings,0.266,0.28,0.266,0.315,0.149,95.879891639,86.4,0.0,0.0,0.0,3.85,0.73,0.5714285714285714,0.38,0.0
2026-05-04,676475,Alec Burleson,STL,hit,official,3,LEAN,2026-05-04T22:36:08.623649+00:00,0,0.0,0.6455,+1,0.5,0.9901,-0.3446,DraftKings,0.284,0.397,0.473,0.309,0.184,101.858449636,91.2,0.095,0.0,0.0,4.27,0.64,0.5714285714285714,0.62,0.0
2026-05-04,676609,José Caballero,NYY,hit,official,9,NO,2026-05-04T22:36:08.629246+00:00,1,1.0,0.5984,,,,,,0.219,0.263,0.292,0.281,0.277,96.604455714,83.4,0.024,0.0,0.0,4.09,0.79,0.5714285714285714,0.38,0.0
2026-05-04,677587,Brayan Rocchio,CLE,hit,official,9,LEAN,2026-05-04T22:36:08.625494+00:00,0,0.0,0.6278,+1,0.5,0.9901,-0.3623,DraftKings,0.255,0.309,0.277,0.252,0.214,96.616941429,85.1,0.016,0.0,0.0,4.53,0.96,0.5714285714285714,0.55,0.0
2026-05-04,677594,Julio Rodríguez,SEA,hit,probable_recent,2,LEAN,2026-05-04T22:36:08.623649+00:00,1,1.0,0.6345,,,,,,0.261,0.332,0.423,0.317,0.277,101.750553462,89.2,0.053,0.0,0.0,4.78,2.19,0.5714285714285714,0.38,0.0
2026-05-04,677800,Wilyer Abreu,BOS,hit,official,5,YES,2026-05-04T22:36:08.620766+00:00,1,1.0,0.6549,+1,0.5,0.9901,-0.3352,BetMGM,0.289,0.372,0.465,0.323,0.206,101.44743449,89.8,0.079,0.0,0.0,5.89,1.32,0.5714285714285714,0.62,0.0
2026-05-04,677942,Blaze Alexander,BAL,hit,official,9,NO,2026-05-04T22:36:08.627238+00:00,1,3.0,0.6201,+2,0.5,0.9804,-0.3603,BetMGM,0.275,0.303,0.49,0.347,0.341,99.759146667,91.6,0.012,0.0,0.0,2.38,0.22,0.5714285714285714,0.38,0.0
2026-05-04,677951,Bobby Witt Jr.,KC,hit,official,2,YES,2026-05-04T22:36:08.620766+00:00,1,1.0,0.6627,+2,0.5,0.9804,-0.3177,DraftKings,0.298,0.373,0.495,0.358,0.252,103.208452222,92.5,0.078,0.0,0.0,4.27,1.27,0.5714285714285714,0.38,0.0
2026-05-04,678218,Brandon Valenzuela,TOR,hit,official,9,NO,2026-05-04T22:36:08.629246+00:00,1,1.0,0.608,+1,0.5,0.9901,-0.3821,DraftKings,0.207,0.276,0.4,0.333,0.344,99.799880667,87.2,0.064,0.0,0.0,3.85,0.73,0.5714285714285714,0.55,0.0
2026-05-04,678246,Miguel Vargas,CWS,hit,probable_recent,3,LEAN,2026-05-04T22:36:08.627238+00:00,1,2.0,0.6251,+1,0.5,0.9901,-0.365,DraftKings,0.241,0.364,0.447,0.404,0.18,100.565706383,88.9,0.076,0.0,0.0,3.1,0.63,0.5714285714285714,0.38,0.0
2026-05-04,678662,Ezequiel Tovar,COL,hit,official,8,NO,2026-05-04T22:36:08.629246+00:00,0,0.0,0.6078,+2,0.5,0.9804,-0.3726,DraftKings,0.233,0.288,0.36,0.43,0.302,98.74601093,87.1,0.053,0.0,0.0,2.75,0.57,0.5714285714285714,0.38,0.0
2026-05-04,678882,Ceddanne Rafaela,BOS,hit,official,6,LEAN,2026-05-04T22:36:08.625494+00:00,1,2.0,0.6317,,,,,,0.235,0.294,0.392,0.367,0.273,98.436307179,88.2,0.043,0.0,0.0,5.89,1.32,0.5714285714285714,0.38,0.0
2026-05-04,679529,Spencer Torkelson,DET,hit,official,5,NO,2026-05-04T22:36:08.627238+00:00,0,0.0,0.6192,,,,,,0.243,0.374,0.479,0.466,0.263,101.704935278,91.5,0.091,0.0,0.0,1.8,0.84,0.5714285714285714,0.38,0.0
2026-05-04,679845,Nick Loftin,KC,hit,official,9,LEAN,2026-05-04T22:36:08.623649+00:00,1,1.0,0.6361,+1,0.5,0.9901,-0.354,DraftKings,0.268,0.344,0.393,0.25,0.091,97.731681429,87.5,0.027,0.0,0.0,4.27,1.27,0.5714285714285714,0.38,0.0
2026-05-04,680757,Steven Kwan,CLE,hit,official,1,LEAN,2026-05-04T22:36:08.625494+00:00,0,0.0,0.6332,+2,0.5,0.9804,-0.3472,DraftKings,0.237,0.289,0.11,0.327,0.077,91.817878491,82.3,0.7,0.0,0.0,4.53,0.96,0.5714285714285714,0.62,0.0
2026-05-04,680776,Jarren Duran,BOS,hit,official,1,LEAN,2026-05-04T22:36:08.623649+00:00,1,3.0,0.6376,,,,,,0.237,0.308,0.41,0.277,0.347,102.266705122,90.0,0.082,0.0,0.0,5.89,1.32,0.5714285714285714,0.62,0.0
2026-05-04,681082,Bryson Stott,PHI,hit,official,6,NO,2026-05-04T22:36:08.627238+00:00,0,0.0,0.623,+1,0.5,0.9901,-0.3671,DraftKings,0.242,0.29,0.45,0.275,0.178,99.130838205,90.3,0.038,0.0,0.0,3.51,0.55,0.5714285714285714,0.62,0.0
2026-05-04,681198,TJ Rumfield,COL,hit,official,3,LEAN,2026-05-04T22:36:08.625494+00:00,0,0.0,0.6287,+2,0.5,0.9804,-0.3517,DraftKings,0.27,0.34,0.39,0.371,0.207,98.998535577,85.9,0.064,0.0,0.0,2.75,0.57,0.5714285714285714,0.62,0.0
2026-05-04,681297,Colton Cowser,BAL,hit,official,7,NO,2026-05-04T22:36:08.629246+00:00,1,1.0,0.5926,+2,0.5,0.9804,-0.3878,DraftKings,0.197,0.28,0.4,0.25,0.381,100.051293,85.5,0.057,0.0,0.0,2.38,0.22,0.5714285714285714,0.62,0.0
2026-05-04,681624,Andy Pages,LAD,hit,probable_recent,7,LEAN,2026-05-04T22:36:08.623649+00:00,1,1.0,0.6463,+1,0.5,0.9901,-0.3438,DraftKings,0.294,0.349,0.532,0.362,0.245,101.787384681,90.8,0.037,0.0,0.0,4.44,1.2,0.5714285714285714,0.38,0.0
2026-05-04,681807,David Fry,CLE,hit,official,6,NO,2026-05-04T22:36:08.627238+00:00,1,2.0,0.6165,+1,0.5,0.9901,-0.3736,DraftKings,0.167,0.277,0.391,0.348,0.311,98.187235,87.9,0.042,0.0,0.0,4.53,0.96,0.5714285714285714,0.38,0.0
2026-05-04,682177,Daniel Schneemann,CLE,hit,official,2,YES,2026-05-04T22:36:08.620766+00:00,0,0.0,0.6582,+1,0.5,0.9901,-0.3319,DraftKings,0.262,0.349,0.426,0.436,0.351,99.679191071,90.1,0.065,0.0,0.0,4.53,0.96,0.5714285714285714,0.62,0.0
2026-05-04,682626,Francisco Alvarez,NYM,hit,official,8,NO,2026-05-04T22:36:08.627238+00:00,1,1.0,0.6204,,,,,,0.23,0.331,0.408,0.254,0.277,100.9915475,89.5,0.093,0.0,0.0,5.53,1.41,0.5714285714285714,0.38,0.0
2026-05-04,682657,Angel Martínez,CLE,hit,official,7,YES,2026-05-04T22:36:08.623649+00:00,1,1.0,0.6526,,,,,,0.28,0.324,0.373,0.393,0.164,100.356190976,88.3,0.073,0.0,0.0,4.53,0.96,0.5714285714285714,0.55,0.0
2026-05-04,682818,Yohendrick Piñango,TOR,hit,official,1,YES,2026-05-04T22:36:08.620766+00:00,1,3.0,0.6607,,,,,,0.357,0.363,0.417,0.333,0.111,104.204223333,92.6,0.0,0.0,0.0,3.85,0.73,0.5714285714285714,0.62,0.0
2026-05-04,682829,Elly De La Cruz,CIN,hit,official,3,LEAN,2026-05-04T22:36:08.623649+00:00,1,3.0,0.6379,+1,0.5,0.9901,-0.3522,DraftKings,0.265,0.37,0.522,0.311,0.313,105.462218409,94.4,0.094,0.0,0.0,3.79,0.76,0.5714285714285714,0.55,0.0
2026-05-04,682985,Riley Greene,DET,hit,official,4,LEAN,2026-05-04T22:36:08.625494+00:00,1,1.0,0.6322,,,,,,0.278,0.391,0.494,0.412,0.291,102.76054093,90.0,0.083,0.0,0.0,1.8,0.84,0.5714285714285714,0.62,0.0
2026-05-04,683002,Gunnar Henderson,BAL,hit,official,1,NO,2026-05-04T22:36:08.627238+00:00,1,1.0,0.6204,+1,0.5,0.9901,-0.3697,DraftKings,0.227,0.304,0.457,0.359,0.279,100.744991304,89.7,0.065,0.0,0.0,2.38,0.22,0.5714285714285714,0.62,0.0
2026-05-04,683146,Brett Baty,NYM,hit,official,5,LEAN,2026-05-04T22:36:08.627238+00:00,0,0.0,0.626,+2,0.5,0.9804,-0.3544,DraftKings,0.225,0.29,0.358,0.299,0.294,99.771630303,89.7,0.046,0.0,0.0,5.53,1.41,0.5714285714285714,0.62,0.0
2026-05-04,683357,Owen Caissie,MIA,hit,official,8,LEAN,2026-05-04T22:36:08.625494+00:00,0,0.0,0.6303,+1,0.5,0.9901,-0.3598,DraftKings,0.209,0.276,0.462,0.462,0.351,102.897783462,90.7,0.059,0.0,0.0,4.85,1.72,0.5714285714285714,0.62,0.0
2026-05-04,683734,Andrew Vaughn,MIL,hit,official,6,NO,2026-05-04T22:36:08.629246+00:00,0,0.0,0.6128,+1,0.5,0.9901,-0.3773,DraftKings,0.233,0.224,0.0,0.0,0.0,0.0,0.0,0.0,0.0,0.0,6.01,1.84,0.5714285714285714,0.38,0.0
2026-05-04,683737,Michael Busch,CHC,hit,official,6,NO,2026-05-04T22:36:08.629246+00:00,0,0.0,0.5941,+1,0.5,0.9901,-0.396,DraftKings,0.216,0.299,0.355,0.301,0.256,97.961901064,86.2,0.055,0.0,0.0,0.0,0.0,0.5714285714285714,0.62,0.0
2026-05-04,683953,Travis Bazzana,CLE,hit,official,5,LEAN,2026-05-04T22:36:08.627238+00:00,1,1.0,0.6255,+1,0.5,0.9901,-0.3646,DraftKings,0.192,0.318,0.4,0.25,0.265,100.216945,94.7,0.0,0.0,0.0,4.53,0.96,0.5714285714285714,0.62,0.0
2026-05-04,686217,Sal Frelick,MIL,hit,official,7,LEAN,2026-05-04T22:36:08.627238+00:00,1,1.0,0.6239,+1,0.5,0.9901,-0.3662,DraftKings,0.239,0.303,0.256,0.267,0.122,96.682471591,84.7,0.033,0.0,0.0,6.01,1.84,0.5714285714285714,0.62,0.0
2026-05-04,686469,Vinnie Pasquantino,KC,hit,official,3,LEAN,2026-05-04T22:36:08.623649+00:00,1,2.0,0.6438,+1,0.5,0.9901,-0.3463,DraftKings,0.233,0.317,0.391,0.359,0.176,99.76320587,89.2,0.065,0.0,0.0,4.27,1.27,0.5714285714285714,0.62,0.0
2026-05-04,686527,Dominic Canzone,SEA,hit,probable_recent,1,YES,2026-05-04T22:36:08.620766+00:00,1,1.0,0.6612,+1,0.5,0.9901,-0.3289,DraftKings,0.291,0.378,0.527,0.436,0.306,103.774347143,95.7,0.113,0.0,0.0,4.78,2.19,0.5714285714285714,0.62,0.0
2026-05-04,686555,Isaac Collins,KC,hit,official,8,LEAN,2026-05-04T22:36:08.625494+00:00,0,0.0,0.6281,+1,0.5,0.9901,-0.362,DraftKings,0.22,0.297,0.383,0.3,0.259,100.307474333,88.8,0.038,0.0,0.0,4.27,1.27,0.5714285714285714,0.55,0.0
2026-05-04,686668,Brenton Doyle,COL,hit,official,9,NO,2026-05-04T22:36:08.629246+00:00,0,0.0,0.5875,+2,0.5,0.9804,-0.3929,DraftKings,0.199,0.254,0.364,0.273,0.315,99.695645385,89.6,0.02,0.0,0.0,2.75,0.57,0.5714285714285714,0.38,0.0
2026-05-04,686780,Pedro Pagés,STL,hit,official,8,NO,2026-05-04T22:36:08.629246+00:00,0,0.0,0.6125,,,,,,0.229,0.287,0.357,0.339,0.265,98.643151071,86.0,0.05,0.0,0.0,4.27,0.64,0.5714285714285714,0.38,0.0
2026-05-04,686948,Drake Baldwin,ATL,hit,probable_recent,2,YES,2026-05-04T22:36:08.622776+00:00,1,1.0,0.6542,+1,0.5,0.9901,-0.3359,DraftKings,0.301,0.397,0.505,0.405,0.228,103.136960179,91.5,0.099,0.0,0.0,3.77,0.95,0.5714285714285714,0.62,0.0
2026-05-04,687263,Zach Neto,LAA,hit,probable_recent,1,NO,2026-05-04T22:36:08.627238+00:00,0,0.0,0.6153,+1,0.5,0.9901,-0.3748,DraftKings,0.206,0.312,0.345,0.356,0.304,98.504774186,88.9,0.055,0.0,0.0,4.53,0.49,0.5714285714285714,0.38,0.0
2026-05-04,687363,Victor Scott II,STL,hit,official,9,NO,2026-05-04T22:36:08.629246+00:00,1,2.0,0.5981,+2,0.5,0.9804,-0.3823,BetMGM,0.203,0.253,0.266,0.281,0.309,96.806488148,87.5,1.0,0.0,0.0,4.27,0.64,0.5714285714285714,0.62,0.0
2026-05-04,687551,Drew Gilbert,SF,hit,probable_recent,8,NO,2026-05-04T22:36:08.627238+00:00,0,0.0,0.6178,+1,0.5,0.9901,-0.3723,DraftKings,0.227,0.268,0.308,0.308,0.235,96.471509474,86.0,0.038,0.0,0.0,5.08,0.8,0.5714285714285714,0.62,0.0
2026-05-04,687597,Jordan Beck,COL,hit,official,6,NO,2026-05-04T22:36:08.629246+00:00,1,1.0,0.588,+2,0.5,0.9804,-0.3924,DraftKings,0.215,0.246,0.28,0.26,0.303,96.3689124,84.7,0.014,0.0,0.0,2.75,0.57,0.5714285714285714,0.38,0.0
2026-05-04,687637,Dylan Beavers,BAL,hit,official,3,NO,2026-05-04T22:36:08.629246+00:00,1,1.0,0.6118,+1,0.5,0.9901,-0.3783,DraftKings,0.228,0.302,0.397,0.317,0.246,99.107803548,87.3,0.042,0.0,0.0,2.38,0.22,0.5714285714285714,0.62,0.0
2026-05-04,688363,Graham Pauley,MIA,hit,official,9,NO,2026-05-04T22:36:08.631250+00:00,0,0.0,0.5823,+1,0.5,0.9901,-0.4078,DraftKings,0.149,0.192,0.192,0.269,0.233,94.999667308,83.7,0.027,0.0,0.0,4.85,1.72,0.5714285714285714,0.62,0.0
2026-05-04,689414,Liam Hicks,MIA,hit,official,5,YES,2026-05-04T22:36:08.622776+00:00,0,0.0,0.6534,+1,0.5,0.9901,-0.3367,DraftKings,0.318,0.375,0.402,0.348,0.093,98.796423043,88.1,0.063,0.0,0.0,4.85,1.72,0.5714285714285714,0.62,0.0
2026-05-04,690976,Alex Freeland,LAD,hit,probable_recent,9,NO,2026-05-05T21:51:30.926500+00:00,1,3.0,0.6242,,,,,,0.234,0.299,0.387,0.355,0.277,99.818033,89.0,0.062,0.0,0.0,4.93,1.15,0.5714285714285714,0.55,0.0
2026-05-04,690993,Colt Keith,DET,hit,official,8,LEAN,2026-05-04T22:36:08.625494+00:00,1,1.0,0.6298,,,,,,0.296,0.341,0.513,0.321,0.228,101.725224103,93.0,0.048,0.0,0.0,1.8,0.84,0.5714285714285714,0.62,0.0
2026-05-04,691011,Drew Romo,CWS,hit,probable_recent,9,LEAN,2026-05-04T22:36:08.623649+00:00,0,0.0,0.6377,+1,0.5,0.9901,-0.3524,DraftKings,0.306,0.577,0.429,0.429,0.276,100.5965375,0.0,0.429,0.0,0.0,3.1,0.63,0.5714285714285714,0.55,0.0
2026-05-04,691023,Jordan Walker,STL,hit,official,4,YES,2026-05-04T22:36:08.622776+00:00,1,1.0,0.6541,+1,0.5,0.9901,-0.336,DraftKings,0.292,0.406,0.598,0.414,0.324,106.879906364,96.0,0.127,0.0,0.0,4.27,0.64,0.5714285714285714,0.38,0.0
2026-05-04,691026,Masyn Winn,STL,hit,official,6,NO,2026-05-04T22:36:08.627238+00:00,1,1.0,0.6206,+1,0.5,0.9901,-0.3695,DraftKings,0.266,0.314,0.279,0.36,0.21,97.058679302,86.4,0.024,0.0,0.0,4.27,0.64,0.5714285714285714,0.38,0.0
2026-05-04,691176,Jasson Domínguez,NYY,hit,official,4,LEAN,2026-05-04T22:36:08.623649+00:00,1,1.0,0.6436,+1,0.5,0.9901,-0.3465,DraftKings,0.327,0.336,0.4,0.267,0.275,100.44626,89.9,0.0,0.0,0.0,4.09,0.79,0.5714285714285714,0.55,0.0
2026-05-04,691406,Junior Caminero,TB,hit,official,2,LEAN,2026-05-04T22:36:08.623649+00:00,0,0.0,0.6402,+1,0.5,0.9901,-0.3499,BetMGM,0.271,0.362,0.44,0.238,0.218,104.5798144,91.5,0.077,0.0,0.0,5.49,2.33,0.5714285714285714,0.38,0.0
2026-05-04,691718,Pete Crow-Armstrong,CHC,hit,official,8,NO,2026-05-04T22:36:08.629246+00:00,1,1.0,0.6023,+1,0.5,0.9901,-0.3878,DraftKings,0.235,0.302,0.461,0.247,0.284,102.635032381,91.7,0.05,0.0,0.0,0.0,0.0,0.5714285714285714,0.62,0.0
2026-05-04,691720,Kyle Karros,COL,hit,official,7,NO,2026-05-04T22:36:08.627238+00:00,1,1.0,0.6232,+2,0.5,0.9804,-0.3572,DraftKings,0.266,0.357,0.4,0.457,0.255,99.990040286,90.4,0.043,0.0,0.0,2.75,0.57,0.5714285714285714,0.38,0.0
2026-05-04,691785,Marcelo Mayer,BOS,hit,official,7,LEAN,2026-05-04T22:36:08.625494+00:00,1,2.0,0.6331,,,,,,0.221,0.291,0.443,0.314,0.262,99.643740286,88.4,0.062,0.0,0.0,5.89,1.32,0.5714285714285714,0.62,0.0
2026-05-04,691788,Joe Mack,MIA,hit,official,7,NO,2026-05-04T22:36:08.631250+00:00,0,0.0,0.5854,+1,0.5,0.9901,-0.4047,DraftKings,0.0,0.0,0.0,0.0,0.0,0.0,0.0,0.0,0.0,0.0,4.85,1.72,0.5714285714285714,0.62,0.0
2026-05-04,693307,Dillon Dingler,DET,hit,official,3,LEAN,2026-05-04T22:36:08.623649+00:00,1,1.0,0.6434,+1,0.5,0.9901,-0.3467,BetMGM,0.317,0.43,0.524,0.439,0.182,101.704724878,90.8,0.123,0.0,0.0,1.8,0.84,0.5714285714285714,0.38,0.0
2026-05-04,694192,Jackson Chourio,MIL,hit,official,2,NO,2026-05-04T22:36:08.629246+00:00,1,4.0,0.5944,+2,0.5,0.9804,-0.386,DraftKings,0.0,0.0,0.0,0.0,0.0,0.0,0.0,0.0,0.0,0.0,6.01,1.84,0.5714285714285714,0.38,0.0
2026-05-04,694208,Moisés Ballesteros,CHC,hit,official,2,LEAN,2026-05-04T22:36:08.625494+00:00,0,0.0,0.6325,+2,0.5,0.9804,-0.3479,DraftKings,0.275,0.357,0.5,0.412,0.253,101.326749118,90.9,0.087,0.0,0.0,0.0,0.0,0.5714285714285714,0.62,0.0
2026-05-04,694212,Samuel Basallo,BAL,hit,official,5,NO,2026-05-04T22:36:08.627238+00:00,0,0.0,0.6166,+1,0.5,0.9901,-0.3735,DraftKings,0.242,0.329,0.46,0.317,0.358,103.173208065,92.4,0.06,0.0,0.0,2.38,0.22,0.5714285714285714,0.62,0.0
2026-05-04,694384,Nolan Schanuel,LAA,hit,probable_recent,3,LEAN,2026-05-04T22:36:08.625494+00:00,1,2.0,0.6323,+3,0.5,0.9709,-0.3386,DraftKings,0.265,0.301,0.318,0.327,0.16,96.961150926,86.8,0.014,0.0,0.0,4.53,0.49,0.5714285714285714,0.62,0.0
2026-05-04,694728,Brice Matthews,HOU,hit,probable_recent,6,NO,2026-05-04T22:36:08.629246+00:00,0,0.0,0.603,+2,0.5,0.9804,-0.3774,BetMGM,0.193,0.283,0.333,0.405,0.379,99.7468995,87.1,0.052,0.0,0.0,3.98,0.96,0.5714285714285714,0.38,0.0
2026-05-04,695506,Jac Caglianone,KC,hit,official,7,YES,2026-05-04T22:36:08.623649+00:00,1,1.0,0.6517,+1,0.5,0.9901,-0.3384,DraftKings,0.247,0.331,0.547,0.344,0.33,106.552890313,94.3,0.091,0.0,0.0,4.27,1.27,0.5714285714285714,0.62,0.0
2026-05-04,695600,Carter Jensen,KC,hit,official,5,LEAN,2026-05-04T22:36:08.623649+00:00,1,1.0,0.6381,+1,0.5,0.9901,-0.352,DraftKings,0.22,0.32,0.448,0.328,0.358,102.441124118,91.3,0.07,0.0,0.0,4.27,1.27,0.5714285714285714,0.62,0.0
2026-05-04,695657,Colson Montgomery,CWS,hit,probable_recent,4,NO,2026-05-04T22:36:08.627238+00:00,1,1.0,0.6157,+1,0.5,0.9901,-0.3744,DraftKings,0.215,0.338,0.388,0.413,0.349,101.4177845,89.6,0.086,0.0,0.0,3.1,0.63,0.5714285714285714,0.62,0.0
2026-05-04,696100,Hunter Goodman,COL,hit,official,4,NO,2026-05-04T22:36:08.627238+00:00,0,0.0,0.6168,+2,0.5,0.9804,-0.3636,DraftKings,0.217,0.318,0.536,0.362,0.366,103.846494706,93.3,0.082,0.0,0.0,2.75,0.57,0.5714285714285714,0.38,0.0
2026-05-04,701350,Roman Anthony,BOS,hit,official,3,YES,2026-05-04T22:36:08.622776+00:00,0,0.0,0.6542,,,,,,0.261,0.354,0.48,0.4,0.285,102.351801622,92.5,0.054,0.0,0.0,5.89,1.32,0.5714285714285714,0.62,0.0
2026-05-04,701358,Cam Smith,HOU,hit,probable_recent,7,LEAN,2026-05-04T22:36:08.627238+00:00,1,1.0,0.6251,+1,0.5,0.9901,-0.365,DraftKings,0.255,0.344,0.451,0.341,0.316,102.482754146,88.8,0.088,0.0,0.0,3.98,0.96,0.5714285714285714,0.38,0.0
2026-05-04,701398,Sal Stewart,CIN,hit,official,4,LEAN,2026-05-04T22:36:08.623649+00:00,1,1.0,0.6353,+1,0.5,0.9901,-0.3548,DraftKings,0.279,0.392,0.437,0.379,0.246,101.9020982,91.3,0.129,0.0,0.0,3.79,0.76,0.5714285714285714,0.38,0.0
2026-05-04,701538,Jackson Merrill,SD,hit,probable_recent,3,NO,2026-05-04T22:36:08.629246+00:00,1,2.0,0.6063,+1,0.5,0.9901,-0.3838,DraftKings,0.223,0.299,0.441,0.301,0.272,100.457627778,89.1,0.066,0.0,0.0,0.0,0.0,0.5714285714285714,0.62,0.0
2026-05-04,701675,Nathan Church,STL,hit,official,7,LEAN,2026-05-04T22:36:08.627238+00:00,1,1.0,0.6256,+1,0.5,0.9901,-0.3645,DraftKings,0.25,0.311,0.347,0.36,0.218,98.683078919,86.8,0.087,0.0,0.0,4.27,0.64,0.5714285714285714,0.62,0.0
2026-05-04,701678,Hao-Yu  Lee,DET,hit,official,7,NO,2026-05-04T22:36:08.629246+00:00,0,0.0,0.5939,,,,,,0.199,0.308,0.429,0.381,0.375,100.806872727,90.5,0.083,0.0,0.0,1.8,0.84,0.5714285714285714,0.38,0.0
2026-05-04,701807,Carson Benge,NYM,hit,official,7,LEAN,2026-05-04T22:36:08.623649+00:00,1,1.0,0.636,,,,,,0.236,0.292,0.425,0.356,0.227,100.597049459,90.6,0.028,0.0,0.0,5.53,1.41,0.5714285714285714,0.62,0.0
2026-05-04,702222,Justin Crawford,PHI,hit,official,9,NO,2026-05-04T22:36:08.627238+00:00,0,0.0,0.6171,+1,0.5,0.9901,-0.373,DraftKings,0.251,0.293,0.346,0.333,0.197,98.096844211,88.3,0.9,0.0,0.0,3.51,0.55,0.5714285714285714,0.62,0.0
2026-05-04,702284,Cole Young,SEA,hit,probable_recent,6,LEAN,2026-05-04T22:36:08.623649+00:00,0,0.0,0.6417,+1,0.5,0.9901,-0.3484,DraftKings,0.275,0.341,0.404,0.383,0.24,99.495202553,88.0,0.058,0.0,0.0,4.78,2.19,0.5714285714285714,0.62,0.0
2026-05-04,802139,JJ Wetherholt,STL,hit,official,1,LEAN,2026-05-04T22:36:08.623649+00:00,1,2.0,0.6345,+1,0.5,0.9901,-0.3556,DraftKings,0.23,0.359,0.452,0.365,0.249,99.794732692,90.2,0.064,0.0,0.0,4.27,0.64,0.5714285714285714,0.62,0.0
2026-05-04,802415,Chandler Simpson,TB,hit,official,1,LEAN,2026-05-04T22:36:08.625494+00:00,1,1.0,0.6307,+2,0.5,0.9804,-0.3497,BetMGM,0.262,0.267,0.125,0.306,0.105,92.607726842,83.4,0.0,0.0,0.0,5.49,2.33,0.5714285714285714,0.62,0.0
2026-05-04,803011,Sam Antonacci,CWS,hit,probable_recent,1,LEAN,2026-05-04T22:36:08.623649+00:00,1,2.0,0.6455,+1,0.5,0.9901,-0.3446,DraftKings,0.321,0.404,0.37,0.37,0.144,98.688157391,88.6,0.098,0.0,0.0,3.1,0.63,0.5714285714285714,0.62,0.0
2026-05-04,805300,Jakob Marsee,MIA,hit,official,1,NO,2026-05-04T22:36:08.627238+00:00,1,2.0,0.6188,+1,0.5,0.9901,-0.3713,DraftKings,0.193,0.279,0.374,0.275,0.181,98.740349318,87.8,0.013,0.0,0.0,4.85,1.72,0.5714285714285714,0.62,0.0
2026-05-04,805367,Chase Meidroth,CWS,hit,probable_recent,5,NO,2026-05-04T22:36:08.629246+00:00,1,1.0,0.61,+1,0.5,0.9901,-0.3801,DraftKings,0.24,0.302,0.359,0.304,0.176,97.735348636,87.7,0.029,0.0,0.0,3.1,0.63,0.5714285714285714,0.38,0.0
2026-05-04,805811,Bryce Eldridge,SF,hit,probable_recent,7,NO,2026-05-05T21:51:30.926500+00:00,0,0.0,0.5829,,,,,,0.003,0.238,0.0,0.0,0.0,0.0,0.0,0.0,0.0,0.0,4.52,0.92,0.5714285714285714,0.62,0.0
2026-05-04,805904,Zach Cole,HOU,hit,probable_recent,8,NO,2026-05-05T21:51:30.926500+00:00,1,1.0,0.6135,,,,,,0.271,0.54,0.0,0.0,0.0,0.0,0.0,0.0,0.0,0.0,4.22,1.03,0.5714285714285714,0.62,0.0
2026-05-04,808959,Munetaka Murakami,CWS,hit,probable_recent,2,LEAN,2026-05-04T22:36:08.623649+00:00,1,3.0,0.6355,+1,0.5,0.9901,-0.3546,DraftKings,0.227,0.391,0.639,0.347,0.436,105.967313611,95.2,0.107,0.0,0.0,3.1,0.63,0.5714285714285714,0.62,0.0
2026-05-04,808975,Hyeseong Kim,LAD,hit,probable_recent,8,LEAN,2026-05-05T21:51:30.923332+00:00,1,1.0,0.6341,,,,,,0.29,0.336,0.208,0.453,0.223,95.454471923,85.7,0.027,0.0,0.0,4.93,1.15,0.5714285714285714,0.62,0.0
2026-05-04,808982,Jung Hoo Lee,SF,hit,probable_recent,7,LEAN,2026-05-04T22:36:08.623649+00:00,0,0.0,0.6414,+2,0.5,0.9804,-0.339,BetMGM,0.291,0.326,0.324,0.371,0.153,97.158735472,88.8,0.023,0.0,0.0,5.08,0.8,0.5714285714285714,0.62,0.0
2026-05-04,810938,Ben Williamson,TB,hit,official,7,LEAN,2026-05-04T22:36:08.625494+00:00,1,2.0,0.6282,+1,0.5,0.9901,-0.3619,DraftKings,0.309,0.544,0.0,0.0,0.0,0.0,0.0,0.0,0.0,0.0,5.49,2.33,0.5714285714285714,0.38,0.0
